sep=;
Version CSV1|Tool WEBBOX|Linebreaks CR/LF|Delimiter semicolon|Decimalpoint comma|Precision 2

;Το Sunny WebBox μου;SN: 315019435 (SN: 315019435);SN: 315019435 (SN: 315019435);SN: 315019435 (SN: 315019435);SN: 315019435 (SN: 315019435)
;WebBox-20;STP 15000TLEE-10;STP 15000TLEE-10;STP 15000TLEE-10;STP 15000TLEE-10
;155031193;315019435;315019435;315019435;315019435
;Operation.Health;Operation.Evt.Dsc;Operation.Evt.Msg;Operation.Evt.Prio;Operation.Health
;Status;Status;Status;Status;Status
dd.MM.yyyy HH:mm;;;;;
07.05.2015 21:15;Ok;None;None;NonePrio;Ok
07.05.2015 21:20;Ok;None;None;NonePrio;Ok
07.05.2015 21:25;Ok;None;None;NonePrio;Ok
07.05.2015 21:30;Ok;None;None;NonePrio;Ok
07.05.2015 21:35;Ok;None;None;NonePrio;Ok
07.05.2015 21:40;Ok;None;None;NonePrio;Ok
07.05.2015 21:45;Ok;None;None;NonePrio;Ok
07.05.2015 21:50;Ok;None;None;NonePrio;Ok
07.05.2015 21:55;Ok;None;None;NonePrio;Ok
07.05.2015 22:00;Ok;None;None;NonePrio;Ok
07.05.2015 22:05;Ok;None;None;NonePrio;Ok
07.05.2015 22:10;Ok;None;None;NonePrio;Ok
07.05.2015 22:15;Ok;None;None;NonePrio;Ok
07.05.2015 22:20;Ok;None;None;NonePrio;Ok
07.05.2015 22:25;Ok;None;None;NonePrio;Ok
07.05.2015 22:30;Ok;None;None;NonePrio;Ok
07.05.2015 22:35;Ok;None;None;NonePrio;Ok
07.05.2015 22:40;Ok;None;None;NonePrio;Ok
07.05.2015 22:45;Ok;None;None;NonePrio;Ok
07.05.2015 22:50;Ok;None;None;NonePrio;Ok
07.05.2015 22:55;Ok;None;None;NonePrio;Ok
07.05.2015 23:00;Ok;None;None;NonePrio;Ok
07.05.2015 23:05;Ok;None;None;NonePrio;Ok
07.05.2015 23:10;Ok;None;None;NonePrio;Ok
07.05.2015 23:15;Ok;None;None;NonePrio;Ok
07.05.2015 23:20;Ok;None;None;NonePrio;Ok
07.05.2015 23:25;Ok;None;None;NonePrio;Ok
07.05.2015 23:30;Ok;None;None;NonePrio;Ok
07.05.2015 23:35;Ok;None;None;NonePrio;Ok
07.05.2015 23:40;Ok;None;None;NonePrio;Ok
07.05.2015 23:45;Ok;None;None;NonePrio;Ok
07.05.2015 23:50;Ok;None;None;NonePrio;Ok
07.05.2015 23:55;Ok;None;None;NonePrio;Ok
