sep=;
Version CSV1|Tool WEBBOX|Linebreaks CR/LF|Delimiter semicolon|Decimalpoint comma|Precision 2

;Το Sunny WebBox μου;Το Sunny WebBox μου;SN: 314610381 (SN: 314610381);SN: 314610381 (SN: 314610381);SN: 314610469 (SN: 314610469);SN: 314610469 (SN: 314610469);SN: 314610474 (SN: 314610474);SN: 314610474 (SN: 314610474);SN: 314610477 (SN: 314610477);SN: 314610477 (SN: 314610477);SN: 314610478 (SN: 314610478);SN: 314610478 (SN: 314610478);SN: 315019435 (SN: 315019435);SN: 315019435 (SN: 315019435)
;WebBox-20;WebBox-20;STP 15000TLEE-10;STP 15000TLEE-10;STP 15000TLEE-10;STP 15000TLEE-10;STP 15000TLEE-10;STP 15000TLEE-10;STP 15000TLEE-10;STP 15000TLEE-10;STP 15000TLEE-10;STP 15000TLEE-10;STP 15000TLEE-10;STP 15000TLEE-10
;155031193;155031193;314610381;314610381;314610469;314610469;314610474;314610474;314610477;314610477;314610478;314610478;315019435;315019435
;Isolation.FltA;Isolation.LeakRis;Isolation.FltA;Isolation.LeakRis;Isolation.FltA;Isolation.LeakRis;Isolation.FltA;Isolation.LeakRis;Isolation.FltA;Isolation.LeakRis;Isolation.FltA;Isolation.LeakRis;Isolation.FltA;Isolation.LeakRis
;Analog;Analog;Analog;Analog;Analog;Analog;Analog;Analog;Analog;Analog;Analog;Analog;Analog;Analog
dd.MM.yyyy HH:mm;mA;kOhm;mA;kOhm;mA;kOhm;mA;kOhm;mA;kOhm;mA;kOhm;mA;kOhm
20.05.2016 09:00;8,00;876,22;9,00;926,82;9,00;953,41;8,00;921,30;8,00;883,64;9,00;659,80;8,00;912,32
