sep=;
Version CSV1|Tool WEBBOX|Linebreaks CR/LF|Delimiter semicolon|Decimalpoint comma|Precision 2

;Το Sunny WebBox μου;Το Sunny WebBox μου;Το Sunny WebBox μου;Το Sunny WebBox μου;Το Sunny WebBox μου;SN: 314610381 (SN: 314610381);SN: 314610381 (SN: 314610381);SN: 314610381 (SN: 314610381);SN: 314610381 (SN: 314610381);SN: 314610469 (SN: 314610469);SN: 314610469 (SN: 314610469);SN: 314610469 (SN: 314610469);SN: 314610469 (SN: 314610469);SN: 314610474 (SN: 314610474);SN: 314610474 (SN: 314610474);SN: 314610474 (SN: 314610474);SN: 314610474 (SN: 314610474);SN: 314610477 (SN: 314610477);SN: 314610477 (SN: 314610477);SN: 314610477 (SN: 314610477);SN: 314610477 (SN: 314610477);SN: 314610478 (SN: 314610478);SN: 314610478 (SN: 314610478);SN: 314610478 (SN: 314610478);SN: 314610478 (SN: 314610478);SN: 315019435 (SN: 315019435);SN: 315019435 (SN: 315019435);SN: 315019435 (SN: 315019435);SN: 315019435 (SN: 315019435)
;WebBox-20;WebBox-20;WebBox-20;WebBox-20;WebBox-20;STP 15000TLEE-10;STP 15000TLEE-10;STP 15000TLEE-10;STP 15000TLEE-10;STP 15000TLEE-10;STP 15000TLEE-10;STP 15000TLEE-10;STP 15000TLEE-10;STP 15000TLEE-10;STP 15000TLEE-10;STP 15000TLEE-10;STP 15000TLEE-10;STP 15000TLEE-10;STP 15000TLEE-10;STP 15000TLEE-10;STP 15000TLEE-10;STP 15000TLEE-10;STP 15000TLEE-10;STP 15000TLEE-10;STP 15000TLEE-10;STP 15000TLEE-10;STP 15000TLEE-10;STP 15000TLEE-10;STP 15000TLEE-10
;155031193;155031193;155031193;155031193;155031193;314610381;314610381;314610381;314610381;314610469;314610469;314610469;314610469;314610474;314610474;314610474;314610474;314610477;314610477;314610477;314610477;314610478;314610478;314610478;314610478;315019435;315019435;315019435;315019435
;Metering.TotFeedTms;Metering.TotOpTms;Metering.TotWhOut;Operation.GriSwCnt;Operation.Health;Operation.Evt.Dsc;Operation.Evt.Msg;Operation.Evt.Prio;Operation.Health;Operation.Evt.Dsc;Operation.Evt.Msg;Operation.Evt.Prio;Operation.Health;Operation.Evt.Dsc;Operation.Evt.Msg;Operation.Evt.Prio;Operation.Health;Operation.Evt.Dsc;Operation.Evt.Msg;Operation.Evt.Prio;Operation.Health;Operation.Evt.Dsc;Operation.Evt.Msg;Operation.Evt.Prio;Operation.Health;Operation.Evt.Dsc;Operation.Evt.Msg;Operation.Evt.Prio;Operation.Health
;Counter;Counter;Counter;Counter;Status;Status;Status;Status;Status;Status;Status;Status;Status;Status;Status;Status;Status;Status;Status;Status;Status;Status;Status;Status;Status;Status;Status;Status;Status
dd.MM.yyyy HH:mm;h;h;kWh;;;;;;;;;;;;;;;;;;;;;;;;;;
26.06.2015 00:00;40276,66;42071,64;258998,75;16688,00;Ok;None;None;NonePrio;Ok;None;None;NonePrio;Ok;None;None;NonePrio;Ok;None;None;NonePrio;Ok;None;None;NonePrio;Ok;None;None;NonePrio;Ok
26.06.2015 00:05;40276,66;42071,64;258998,75;16688,00;Ok;None;None;NonePrio;Ok;None;None;NonePrio;Ok;None;None;NonePrio;Ok;None;None;NonePrio;Ok;None;None;NonePrio;Ok;None;None;NonePrio;Ok
26.06.2015 00:10;40276,66;42071,64;258998,75;16688,00;Ok;None;None;NonePrio;Ok;None;None;NonePrio;Ok;None;None;NonePrio;Ok;None;None;NonePrio;Ok;None;None;NonePrio;Ok;None;None;NonePrio;Ok
26.06.2015 00:15;40276,66;42071,64;258998,75;16688,00;Ok;None;None;NonePrio;Ok;None;None;NonePrio;Ok;None;None;NonePrio;Ok;None;None;NonePrio;Ok;None;None;NonePrio;Ok;None;None;NonePrio;Ok
26.06.2015 00:20;40276,66;42071,64;258998,75;16688,00;Ok;None;None;NonePrio;Ok;None;None;NonePrio;Ok;None;None;NonePrio;Ok;None;None;NonePrio;Ok;None;None;NonePrio;Ok;None;None;NonePrio;Ok
26.06.2015 00:25;40276,66;42071,64;258998,75;16688,00;Ok;None;None;NonePrio;Ok;None;None;NonePrio;Ok;None;None;NonePrio;Ok;None;None;NonePrio;Ok;None;None;NonePrio;Ok;None;None;NonePrio;Ok
26.06.2015 00:30;40276,66;42071,64;258998,75;16688,00;Ok;None;None;NonePrio;Ok;None;None;NonePrio;Ok;None;None;NonePrio;Ok;None;None;NonePrio;Ok;None;None;NonePrio;Ok;None;None;NonePrio;Ok
26.06.2015 00:35;40276,66;42071,64;258998,75;16688,00;Ok;None;None;NonePrio;Ok;None;None;NonePrio;Ok;None;None;NonePrio;Ok;None;None;NonePrio;Ok;None;None;NonePrio;Ok;None;None;NonePrio;Ok
26.06.2015 00:40;40276,66;42071,64;258998,75;16688,00;Ok;None;None;NonePrio;Ok;None;None;NonePrio;Ok;None;None;NonePrio;Ok;None;None;NonePrio;Ok;None;None;NonePrio;Ok;None;None;NonePrio;Ok
26.06.2015 00:45;40276,66;42071,64;258998,75;16688,00;Ok;None;None;NonePrio;Ok;None;None;NonePrio;Ok;None;None;NonePrio;Ok;None;None;NonePrio;Ok;None;None;NonePrio;Ok;None;None;NonePrio;Ok
26.06.2015 00:50;40276,66;42071,64;258998,75;16688,00;Ok;None;None;NonePrio;Ok;None;None;NonePrio;Ok;None;None;NonePrio;Ok;None;None;NonePrio;Ok;None;None;NonePrio;Ok;None;None;NonePrio;Ok
26.06.2015 00:55;40276,66;42071,64;258998,75;16688,00;Ok;None;None;NonePrio;Ok;None;None;NonePrio;Ok;None;None;NonePrio;Ok;None;None;NonePrio;Ok;None;None;NonePrio;Ok;None;None;NonePrio;Ok
26.06.2015 01:00;40276,66;42071,64;258998,75;16688,00;Ok;None;None;NonePrio;Ok;None;None;NonePrio;Ok;None;None;NonePrio;Ok;None;None;NonePrio;Ok;None;None;NonePrio;Ok;None;None;NonePrio;Ok
26.06.2015 01:05;40276,66;42071,64;258998,75;16688,00;Ok;None;None;NonePrio;Ok;None;None;NonePrio;Ok;None;None;NonePrio;Ok;None;None;NonePrio;Ok;None;None;NonePrio;Ok;None;None;NonePrio;Ok
26.06.2015 01:10;40276,66;42071,64;258998,75;16688,00;Ok;None;None;NonePrio;Ok;None;None;NonePrio;Ok;None;None;NonePrio;Ok;None;None;NonePrio;Ok;None;None;NonePrio;Ok;None;None;NonePrio;Ok
26.06.2015 01:15;40276,66;42071,64;258998,75;16688,00;Ok;None;None;NonePrio;Ok;None;None;NonePrio;Ok;None;None;NonePrio;Ok;None;None;NonePrio;Ok;None;None;NonePrio;Ok;None;None;NonePrio;Ok
26.06.2015 01:20;40276,66;42071,64;258998,75;16688,00;Ok;None;None;NonePrio;Ok;None;None;NonePrio;Ok;None;None;NonePrio;Ok;None;None;NonePrio;Ok;None;None;NonePrio;Ok;None;None;NonePrio;Ok
26.06.2015 01:25;40276,66;42071,64;258998,75;16688,00;Ok;None;None;NonePrio;Ok;None;None;NonePrio;Ok;None;None;NonePrio;Ok;None;None;NonePrio;Ok;None;None;NonePrio;Ok;None;None;NonePrio;Ok
26.06.2015 01:30;40276,66;42071,64;258998,75;16688,00;Ok;None;None;NonePrio;Ok;None;None;NonePrio;Ok;None;None;NonePrio;Ok;None;None;NonePrio;Ok;None;None;NonePrio;Ok;None;None;NonePrio;Ok
26.06.2015 01:35;40276,66;42071,64;258998,75;16688,00;Ok;None;None;NonePrio;Ok;None;None;NonePrio;Ok;None;None;NonePrio;Ok;None;None;NonePrio;Ok;None;None;NonePrio;Ok;None;None;NonePrio;Ok
26.06.2015 01:40;40276,66;42071,64;258998,75;16688,00;Ok;None;None;NonePrio;Ok;None;None;NonePrio;Ok;None;None;NonePrio;Ok;None;None;NonePrio;Ok;None;None;NonePrio;Ok;None;None;NonePrio;Ok
