sep=;
Version CSV1|Tool WEBBOX|Linebreaks CR/LF|Delimiter semicolon|Decimalpoint comma|Precision 2

;Το Sunny WebBox μου;Το Sunny WebBox μου;SN: 314610381 (SN: 314610381);SN: 314610381 (SN: 314610381);SN: 314610469 (SN: 314610469);SN: 314610469 (SN: 314610469);SN: 314610474 (SN: 314610474);SN: 314610474 (SN: 314610474);SN: 314610477 (SN: 314610477);SN: 314610477 (SN: 314610477);SN: 314610478 (SN: 314610478);SN: 314610478 (SN: 314610478);SN: 315019435 (SN: 315019435);SN: 315019435 (SN: 315019435)
;WebBox-20;WebBox-20;STP 15000TLEE-10;STP 15000TLEE-10;STP 15000TLEE-10;STP 15000TLEE-10;STP 15000TLEE-10;STP 15000TLEE-10;STP 15000TLEE-10;STP 15000TLEE-10;STP 15000TLEE-10;STP 15000TLEE-10;STP 15000TLEE-10;STP 15000TLEE-10
;155031193;155031193;314610381;314610381;314610469;314610469;314610474;314610474;314610477;314610477;314610478;314610478;315019435;315019435
;Isolation.FltA;Isolation.LeakRis;Isolation.FltA;Isolation.LeakRis;Isolation.FltA;Isolation.LeakRis;Isolation.FltA;Isolation.LeakRis;Isolation.FltA;Isolation.LeakRis;Isolation.FltA;Isolation.LeakRis;Isolation.FltA;Isolation.LeakRis
;Analog;Analog;Analog;Analog;Analog;Analog;Analog;Analog;Analog;Analog;Analog;Analog;Analog;Analog
dd.MM.yyyy HH:mm;mA;kOhm;mA;kOhm;mA;kOhm;mA;kOhm;mA;kOhm;mA;kOhm;mA;kOhm
30.06.2015 06:45;12,00;1152,11;14,00;763,74;12,00;904,70;12,00;3000,00;13,00;553,25;14,00;840,04;12,00;850,95
