sep=;
Version CSV1|Tool WEBBOX|Linebreaks CR/LF|Delimiter semicolon|Decimalpoint comma|Precision 2

;Το Sunny WebBox μου;Το Sunny WebBox μου;SN: 314610381 (SN: 314610381);SN: 314610381 (SN: 314610381);SN: 314610469 (SN: 314610469);SN: 314610469 (SN: 314610469);SN: 314610474 (SN: 314610474);SN: 314610474 (SN: 314610474);SN: 314610477 (SN: 314610477);SN: 314610477 (SN: 314610477);SN: 314610478 (SN: 314610478);SN: 314610478 (SN: 314610478);SN: 315019435 (SN: 315019435);SN: 315019435 (SN: 315019435)
;WebBox-20;WebBox-20;STP 15000TLEE-10;STP 15000TLEE-10;STP 15000TLEE-10;STP 15000TLEE-10;STP 15000TLEE-10;STP 15000TLEE-10;STP 15000TLEE-10;STP 15000TLEE-10;STP 15000TLEE-10;STP 15000TLEE-10;STP 15000TLEE-10;STP 15000TLEE-10
;155031193;155031193;314610381;314610381;314610469;314610469;314610474;314610474;314610477;314610477;314610478;314610478;315019435;315019435
;Isolation.FltA;Isolation.LeakRis;Isolation.FltA;Isolation.LeakRis;Isolation.FltA;Isolation.LeakRis;Isolation.FltA;Isolation.LeakRis;Isolation.FltA;Isolation.LeakRis;Isolation.FltA;Isolation.LeakRis;Isolation.FltA;Isolation.LeakRis
;Analog;Analog;Analog;Analog;Analog;Analog;Analog;Analog;Analog;Analog;Analog;Analog;Analog;Analog
dd.MM.yyyy HH:mm;mA;kOhm;mA;kOhm;mA;kOhm;mA;kOhm;mA;kOhm;mA;kOhm;mA;kOhm
29.06.2015 06:50;12,00;1919,99;12,00;3000,00;12,00;1574,17;12,00;1243,53;12,00;3000,00;12,00;1349,33;12,00;1352,93
29.06.2015 06:55;12,00;1919,99;14,00;3000,00;13,00;1574,17;13,00;1243,53;12,00;3000,00;13,00;1349,33;13,00;1352,93
