sep=;
Version CSV1|Tool WEBBOX|Linebreaks CR/LF|Delimiter semicolon|Decimalpoint comma|Precision 2

;Το Sunny WebBox μου;Το Sunny WebBox μου;Το Sunny WebBox μου;Το Sunny WebBox μου;SN: 314608984 (SN: 314608984);SN: 314608984 (SN: 314608984);SN: 314610381 (SN: 314610381);SN: 314610381 (SN: 314610381);SN: 314610469 (SN: 314610469);SN: 314610469 (SN: 314610469);SN: 314610474 (SN: 314610474);SN: 314610474 (SN: 314610474);SN: 314610477 (SN: 314610477);SN: 314610477 (SN: 314610477);SN: 314610478 (SN: 314610478);SN: 314610478 (SN: 314610478)
;WebBox-20;WebBox-20;WebBox-20;WebBox-20;STP 15000TLEE-10;STP 15000TLEE-10;STP 15000TLEE-10;STP 15000TLEE-10;STP 15000TLEE-10;STP 15000TLEE-10;STP 15000TLEE-10;STP 15000TLEE-10;STP 15000TLEE-10;STP 15000TLEE-10;STP 15000TLEE-10;STP 15000TLEE-10
;155031193;155031193;155031193;155031193;314608984;314608984;314610381;314610381;314610469;314610469;314610474;314610474;314610477;314610477;314610478;314610478
;Isolation.FltA;Isolation.LeakRis;Operation.Evt.EvtNo;Operation.Evt.EvtNoShrt;Operation.Evt.EvtNo;Operation.Evt.EvtNoShrt;Isolation.FltA;Isolation.LeakRis;Isolation.FltA;Isolation.LeakRis;Isolation.FltA;Isolation.LeakRis;Isolation.FltA;Isolation.LeakRis;Isolation.FltA;Isolation.LeakRis
;Analog;Analog;Analog;Analog;Analog;Analog;Analog;Analog;Analog;Analog;Analog;Analog;Analog;Analog;Analog;Analog
dd.MM.yyyy HH:mm;mA;kOhm;;;;;mA;kOhm;mA;kOhm;mA;kOhm;mA;kOhm;mA;kOhm
03.04.2015 14:20;6,00;1565,98;7702,00;77,00;7702,00;77,00;8,00;1505,15;7,00;1643,85;8,00;1472,79;5,00;1593,66;8,00;1614,47
03.04.2015 14:25;7,00;1565,98;7702,00;77,00;7702,00;77,00;7,00;1505,15;7,00;1643,85;7,00;1472,79;7,00;1593,66;7,00;1614,47
