sep=;
Version CSV1|Tool WEBBOX|Linebreaks CR/LF|Delimiter semicolon|Decimalpoint comma|Precision 2

;Το Sunny WebBox μου;Το Sunny WebBox μου;Το Sunny WebBox μου;Το Sunny WebBox μου;Το Sunny WebBox μου;SN: 314610381 (SN: 314610381);SN: 314610381 (SN: 314610381);SN: 314610381 (SN: 314610381);SN: 314610381 (SN: 314610381);SN: 314610469 (SN: 314610469);SN: 314610469 (SN: 314610469);SN: 314610469 (SN: 314610469);SN: 314610469 (SN: 314610469);SN: 314610474 (SN: 314610474);SN: 314610474 (SN: 314610474);SN: 314610474 (SN: 314610474);SN: 314610474 (SN: 314610474);SN: 314610477 (SN: 314610477);SN: 314610477 (SN: 314610477);SN: 314610477 (SN: 314610477);SN: 314610477 (SN: 314610477);SN: 314610478 (SN: 314610478);SN: 314610478 (SN: 314610478);SN: 314610478 (SN: 314610478);SN: 314610478 (SN: 314610478);SN: 315019435 (SN: 315019435);SN: 315019435 (SN: 315019435);SN: 315019435 (SN: 315019435);SN: 315019435 (SN: 315019435)
;WebBox-20;WebBox-20;WebBox-20;WebBox-20;WebBox-20;STP 15000TLEE-10;STP 15000TLEE-10;STP 15000TLEE-10;STP 15000TLEE-10;STP 15000TLEE-10;STP 15000TLEE-10;STP 15000TLEE-10;STP 15000TLEE-10;STP 15000TLEE-10;STP 15000TLEE-10;STP 15000TLEE-10;STP 15000TLEE-10;STP 15000TLEE-10;STP 15000TLEE-10;STP 15000TLEE-10;STP 15000TLEE-10;STP 15000TLEE-10;STP 15000TLEE-10;STP 15000TLEE-10;STP 15000TLEE-10;STP 15000TLEE-10;STP 15000TLEE-10;STP 15000TLEE-10;STP 15000TLEE-10
;155031193;155031193;155031193;155031193;155031193;314610381;314610381;314610381;314610381;314610469;314610469;314610469;314610469;314610474;314610474;314610474;314610474;314610477;314610477;314610477;314610477;314610478;314610478;314610478;314610478;315019435;315019435;315019435;315019435
;Metering.TotFeedTms;Metering.TotOpTms;Metering.TotWhOut;Operation.GriSwCnt;Operation.Health;Operation.Evt.Dsc;Operation.Evt.Msg;Operation.Evt.Prio;Operation.Health;Operation.Evt.Dsc;Operation.Evt.Msg;Operation.Evt.Prio;Operation.Health;Operation.Evt.Dsc;Operation.Evt.Msg;Operation.Evt.Prio;Operation.Health;Operation.Evt.Dsc;Operation.Evt.Msg;Operation.Evt.Prio;Operation.Health;Operation.Evt.Dsc;Operation.Evt.Msg;Operation.Evt.Prio;Operation.Health;Operation.Evt.Dsc;Operation.Evt.Msg;Operation.Evt.Prio;Operation.Health
;Counter;Counter;Counter;Counter;Status;Status;Status;Status;Status;Status;Status;Status;Status;Status;Status;Status;Status;Status;Status;Status;Status;Status;Status;Status;Status;Status;Status;Status;Status
dd.MM.yyyy HH:mm;h;h;kWh;;;;;;;;;;;;;;;;;;;;;;;;;;
05.08.2017 00:00;94508,45;98634,94;568066,88;38758,00;Ok;None;None;NonePrio;Ok;None;None;NonePrio;Ok;None;None;NonePrio;Ok;None;None;NonePrio;Ok;None;None;NonePrio;Ok;None;None;NonePrio;Ok
05.08.2017 00:05;94508,45;98634,94;568066,88;38758,00;Ok;None;None;NonePrio;Ok;None;None;NonePrio;Ok;None;None;NonePrio;Ok;None;None;NonePrio;Ok;None;None;NonePrio;Ok;None;None;NonePrio;Ok
05.08.2017 00:10;94508,45;98634,94;568066,88;38758,00;Ok;None;None;NonePrio;Ok;None;None;NonePrio;Ok;None;None;NonePrio;Ok;None;None;NonePrio;Ok;None;None;NonePrio;Ok;None;None;NonePrio;Ok
05.08.2017 00:15;94508,45;98634,94;568066,88;38758,00;Ok;None;None;NonePrio;Ok;None;None;NonePrio;Ok;None;None;NonePrio;Ok;None;None;NonePrio;Ok;None;None;NonePrio;Ok;None;None;NonePrio;Ok
05.08.2017 00:20;94508,45;98634,94;568066,88;38758,00;Ok;None;None;NonePrio;Ok;None;None;NonePrio;Ok;None;None;NonePrio;Ok;None;None;NonePrio;Ok;None;None;NonePrio;Ok;None;None;NonePrio;Ok
05.08.2017 00:25;94508,45;98634,94;568066,88;38758,00;Ok;None;None;NonePrio;Ok;None;None;NonePrio;Ok;None;None;NonePrio;Ok;None;None;NonePrio;Ok;None;None;NonePrio;Ok;None;None;NonePrio;Ok
05.08.2017 00:30;94508,45;98634,94;568066,88;38758,00;Ok;None;None;NonePrio;Ok;None;None;NonePrio;Ok;None;None;NonePrio;Ok;None;None;NonePrio;Ok;None;None;NonePrio;Ok;None;None;NonePrio;Ok
05.08.2017 00:35;94508,45;98634,94;568066,88;38758,00;Ok;None;None;NonePrio;Ok;None;None;NonePrio;Ok;None;None;NonePrio;Ok;None;None;NonePrio;Ok;None;None;NonePrio;Ok;None;None;NonePrio;Ok
05.08.2017 00:40;94508,45;98634,94;568066,88;38758,00;Ok;None;None;NonePrio;Ok;None;None;NonePrio;Ok;None;None;NonePrio;Ok;None;None;NonePrio;Ok;None;None;NonePrio;Ok;None;None;NonePrio;Ok
05.08.2017 00:45;94508,45;98634,94;568066,88;38758,00;Ok;None;None;NonePrio;Ok;None;None;NonePrio;Ok;None;None;NonePrio;Ok;None;None;NonePrio;Ok;None;None;NonePrio;Ok;None;None;NonePrio;Ok
