<?xml version="1.0"?>
<ArrayOfAlarmingMemoryEntry xmlns:xsi="http://www.w3.org/2001/XMLSchema-instance" xmlns:xsd="http://www.w3.org/2001/XMLSchema">
  <AlarmingMemoryEntry>
    <LastError>
      <EvtDsc />
      <EvtMsg />
      <EvtNoShrt>0</EvtNoShrt>
      <EvtNo>0</EvtNo>
      <EvtPrio />
    </LastError>
    <LastWarning>
      <EvtDsc />
      <EvtMsg />
      <EvtNoShrt>0</EvtNoShrt>
      <EvtNo>0</EvtNo>
      <EvtPrio />
    </LastWarning>
    <HasLogger>1</HasLogger>
    <LastRequest>2017-08-18T16:35:00Z</LastRequest>
    <SerialNumber>314610381</SerialNumber>
    <SusyID>209</SusyID>
    <LastTimestamp>2017-08-18T16:35:02Z</LastTimestamp>
    <LastComState>Ok</LastComState>
    <LastAlarmState>Ok</LastAlarmState>
    <CommEventCounter>0</CommEventCounter>
    <SaveCommState>true</SaveCommState>
    <LastTotFeedTms>61363148</LastTotFeedTms>
  </AlarmingMemoryEntry>
  <AlarmingMemoryEntry>
    <LastError>
      <EvtDsc />
      <EvtMsg />
      <EvtNoShrt>0</EvtNoShrt>
      <EvtNo>0</EvtNo>
      <EvtPrio />
    </LastError>
    <LastWarning>
      <EvtDsc />
      <EvtMsg />
      <EvtNoShrt>0</EvtNoShrt>
      <EvtNo>0</EvtNo>
      <EvtPrio />
    </LastWarning>
    <HasLogger>1</HasLogger>
    <LastRequest>2017-08-18T16:35:00Z</LastRequest>
    <SerialNumber>314610474</SerialNumber>
    <SusyID>209</SusyID>
    <LastTimestamp>2017-08-18T16:35:02Z</LastTimestamp>
    <LastComState>Ok</LastComState>
    <LastAlarmState>Ok</LastAlarmState>
    <CommEventCounter>0</CommEventCounter>
    <SaveCommState>true</SaveCommState>
    <LastTotFeedTms>61271888</LastTotFeedTms>
  </AlarmingMemoryEntry>
  <AlarmingMemoryEntry>
    <LastError>
      <EvtDsc />
      <EvtMsg />
      <EvtNoShrt>0</EvtNoShrt>
      <EvtNo>0</EvtNo>
      <EvtPrio />
    </LastError>
    <LastWarning>
      <EvtDsc />
      <EvtMsg />
      <EvtNoShrt>0</EvtNoShrt>
      <EvtNo>0</EvtNo>
      <EvtPrio />
    </LastWarning>
    <HasLogger>1</HasLogger>
    <LastRequest>2017-08-18T16:35:00Z</LastRequest>
    <SerialNumber>314610478</SerialNumber>
    <SusyID>209</SusyID>
    <LastTimestamp>2017-08-18T16:35:02Z</LastTimestamp>
    <LastComState>Ok</LastComState>
    <LastAlarmState>Ok</LastAlarmState>
    <CommEventCounter>0</CommEventCounter>
    <SaveCommState>true</SaveCommState>
    <LastTotFeedTms>61276756</LastTotFeedTms>
  </AlarmingMemoryEntry>
  <AlarmingMemoryEntry>
    <LastError>
      <EvtDsc />
      <EvtMsg />
      <EvtNoShrt>0</EvtNoShrt>
      <EvtNo>0</EvtNo>
      <EvtPrio />
    </LastError>
    <LastWarning>
      <EvtDsc />
      <EvtMsg />
      <EvtNoShrt>0</EvtNoShrt>
      <EvtNo>0</EvtNo>
      <EvtPrio />
    </LastWarning>
    <HasLogger>1</HasLogger>
    <LastRequest>2017-08-18T16:35:00Z</LastRequest>
    <SerialNumber>314610469</SerialNumber>
    <SusyID>209</SusyID>
    <LastTimestamp>2017-08-18T16:35:02Z</LastTimestamp>
    <LastComState>Ok</LastComState>
    <LastAlarmState>Ok</LastAlarmState>
    <CommEventCounter>0</CommEventCounter>
    <SaveCommState>true</SaveCommState>
    <LastTotFeedTms>61406408</LastTotFeedTms>
  </AlarmingMemoryEntry>
  <AlarmingMemoryEntry>
    <LastError>
      <EvtDsc />
      <EvtMsg />
      <EvtNoShrt>0</EvtNoShrt>
      <EvtNo>0</EvtNo>
      <EvtPrio />
    </LastError>
    <LastWarning>
      <EvtDsc />
      <EvtMsg />
      <EvtNoShrt>0</EvtNoShrt>
      <EvtNo>0</EvtNo>
      <EvtPrio />
    </LastWarning>
    <HasLogger>1</HasLogger>
    <LastRequest>2017-08-18T16:35:00Z</LastRequest>
    <SerialNumber>314610477</SerialNumber>
    <SusyID>209</SusyID>
    <LastTimestamp>2017-08-18T16:35:02Z</LastTimestamp>
    <LastComState>Ok</LastComState>
    <LastAlarmState>Ok</LastAlarmState>
    <CommEventCounter>0</CommEventCounter>
    <SaveCommState>true</SaveCommState>
    <LastTotFeedTms>61507032</LastTotFeedTms>
  </AlarmingMemoryEntry>
  <AlarmingMemoryEntry>
    <LastError>
      <EvtDsc />
      <EvtMsg />
      <EvtNoShrt>0</EvtNoShrt>
      <EvtNo>0</EvtNo>
      <EvtPrio />
    </LastError>
    <LastWarning>
      <EvtDsc />
      <EvtMsg />
      <EvtNoShrt>0</EvtNoShrt>
      <EvtNo>0</EvtNo>
      <EvtPrio />
    </LastWarning>
    <HasLogger>1</HasLogger>
    <LastRequest>2017-08-18T16:35:00Z</LastRequest>
    <SerialNumber>315019435</SerialNumber>
    <SusyID>209</SusyID>
    <LastTimestamp>2017-08-18T16:35:02Z</LastTimestamp>
    <LastComState>Ok</LastComState>
    <LastAlarmState>Ok</LastAlarmState>
    <CommEventCounter>0</CommEventCounter>
    <SaveCommState>true</SaveCommState>
    <LastTotFeedTms>37412108</LastTotFeedTms>
  </AlarmingMemoryEntry>
</ArrayOfAlarmingMemoryEntry>