sep=;
Version CSV1|Tool WEBBOX|Linebreaks CR/LF|Delimiter semicolon|Decimalpoint comma|Precision 2

;Το Sunny WebBox μου;Το Sunny WebBox μου;Το Sunny WebBox μου;Το Sunny WebBox μου;Το Sunny WebBox μου;SN: 314610381 (SN: 314610381);SN: 314610381 (SN: 314610381);SN: 314610381 (SN: 314610381);SN: 314610381 (SN: 314610381);SN: 314610381 (SN: 314610381);SN: 314610381 (SN: 314610381);SN: 314610381 (SN: 314610381);SN: 314610381 (SN: 314610381);SN: 314610381 (SN: 314610381);SN: 314610381 (SN: 314610381);SN: 314610469 (SN: 314610469);SN: 314610469 (SN: 314610469);SN: 314610469 (SN: 314610469);SN: 314610469 (SN: 314610469);SN: 314610469 (SN: 314610469);SN: 314610469 (SN: 314610469);SN: 314610469 (SN: 314610469);SN: 314610469 (SN: 314610469);SN: 314610469 (SN: 314610469);SN: 314610469 (SN: 314610469);SN: 314610474 (SN: 314610474);SN: 314610474 (SN: 314610474);SN: 314610474 (SN: 314610474);SN: 314610474 (SN: 314610474);SN: 314610474 (SN: 314610474);SN: 314610474 (SN: 314610474);SN: 314610474 (SN: 314610474);SN: 314610474 (SN: 314610474);SN: 314610474 (SN: 314610474);SN: 314610474 (SN: 314610474);SN: 314610477 (SN: 314610477);SN: 314610477 (SN: 314610477);SN: 314610477 (SN: 314610477);SN: 314610477 (SN: 314610477);SN: 314610477 (SN: 314610477);SN: 314610477 (SN: 314610477);SN: 314610477 (SN: 314610477);SN: 314610477 (SN: 314610477);SN: 314610477 (SN: 314610477);SN: 314610477 (SN: 314610477);SN: 314610478 (SN: 314610478);SN: 314610478 (SN: 314610478);SN: 314610478 (SN: 314610478);SN: 314610478 (SN: 314610478);SN: 314610478 (SN: 314610478);SN: 314610478 (SN: 314610478);SN: 314610478 (SN: 314610478);SN: 314610478 (SN: 314610478);SN: 314610478 (SN: 314610478);SN: 314610478 (SN: 314610478);SN: 315019435 (SN: 315019435);SN: 315019435 (SN: 315019435);SN: 315019435 (SN: 315019435);SN: 315019435 (SN: 315019435);SN: 315019435 (SN: 315019435);SN: 315019435 (SN: 315019435);SN: 315019435 (SN: 315019435);SN: 315019435 (SN: 315019435);SN: 315019435 (SN: 315019435);SN: 315019435 (SN: 315019435)
;WebBox-20;WebBox-20;WebBox-20;WebBox-20;WebBox-20;STP 15000TLEE-10;STP 15000TLEE-10;STP 15000TLEE-10;STP 15000TLEE-10;STP 15000TLEE-10;STP 15000TLEE-10;STP 15000TLEE-10;STP 15000TLEE-10;STP 15000TLEE-10;STP 15000TLEE-10;STP 15000TLEE-10;STP 15000TLEE-10;STP 15000TLEE-10;STP 15000TLEE-10;STP 15000TLEE-10;STP 15000TLEE-10;STP 15000TLEE-10;STP 15000TLEE-10;STP 15000TLEE-10;STP 15000TLEE-10;STP 15000TLEE-10;STP 15000TLEE-10;STP 15000TLEE-10;STP 15000TLEE-10;STP 15000TLEE-10;STP 15000TLEE-10;STP 15000TLEE-10;STP 15000TLEE-10;STP 15000TLEE-10;STP 15000TLEE-10;STP 15000TLEE-10;STP 15000TLEE-10;STP 15000TLEE-10;STP 15000TLEE-10;STP 15000TLEE-10;STP 15000TLEE-10;STP 15000TLEE-10;STP 15000TLEE-10;STP 15000TLEE-10;STP 15000TLEE-10;STP 15000TLEE-10;STP 15000TLEE-10;STP 15000TLEE-10;STP 15000TLEE-10;STP 15000TLEE-10;STP 15000TLEE-10;STP 15000TLEE-10;STP 15000TLEE-10;STP 15000TLEE-10;STP 15000TLEE-10;STP 15000TLEE-10;STP 15000TLEE-10;STP 15000TLEE-10;STP 15000TLEE-10;STP 15000TLEE-10;STP 15000TLEE-10;STP 15000TLEE-10;STP 15000TLEE-10;STP 15000TLEE-10;STP 15000TLEE-10
;155031193;155031193;155031193;155031193;155031193;314610381;314610381;314610381;314610381;314610381;314610381;314610381;314610381;314610381;314610381;314610469;314610469;314610469;314610469;314610469;314610469;314610469;314610469;314610469;314610469;314610474;314610474;314610474;314610474;314610474;314610474;314610474;314610474;314610474;314610474;314610477;314610477;314610477;314610477;314610477;314610477;314610477;314610477;314610477;314610477;314610478;314610478;314610478;314610478;314610478;314610478;314610478;314610478;314610478;314610478;315019435;315019435;315019435;315019435;315019435;315019435;315019435;315019435;315019435;315019435
;Metering.TotFeedTms;Metering.TotOpTms;Metering.TotWhOut;Operation.GriSwCnt;Operation.Health;Isolation.FltA;Isolation.LeakRis;Metering.TotFeedTms;Metering.TotOpTms;Metering.TotWhOut;Operation.Evt.Dsc;Operation.Evt.Msg;Operation.Evt.Prio;Operation.GriSwCnt;Operation.Health;Isolation.FltA;Isolation.LeakRis;Metering.TotFeedTms;Metering.TotOpTms;Metering.TotWhOut;Operation.Evt.Dsc;Operation.Evt.Msg;Operation.Evt.Prio;Operation.GriSwCnt;Operation.Health;Isolation.FltA;Isolation.LeakRis;Metering.TotFeedTms;Metering.TotOpTms;Metering.TotWhOut;Operation.Evt.Dsc;Operation.Evt.Msg;Operation.Evt.Prio;Operation.GriSwCnt;Operation.Health;Isolation.FltA;Isolation.LeakRis;Metering.TotFeedTms;Metering.TotOpTms;Metering.TotWhOut;Operation.Evt.Dsc;Operation.Evt.Msg;Operation.Evt.Prio;Operation.GriSwCnt;Operation.Health;Isolation.FltA;Isolation.LeakRis;Metering.TotFeedTms;Metering.TotOpTms;Metering.TotWhOut;Operation.Evt.Dsc;Operation.Evt.Msg;Operation.Evt.Prio;Operation.GriSwCnt;Operation.Health;Isolation.FltA;Isolation.LeakRis;Metering.TotFeedTms;Metering.TotOpTms;Metering.TotWhOut;Operation.Evt.Dsc;Operation.Evt.Msg;Operation.Evt.Prio;Operation.GriSwCnt;Operation.Health
;Counter;Counter;Counter;Counter;Status;Analog;Analog;Counter;Counter;Counter;Status;Status;Status;Counter;Status;Analog;Analog;Counter;Counter;Counter;Status;Status;Status;Counter;Status;Analog;Analog;Counter;Counter;Counter;Status;Status;Status;Counter;Status;Analog;Analog;Counter;Counter;Counter;Status;Status;Status;Counter;Status;Analog;Analog;Counter;Counter;Counter;Status;Status;Status;Counter;Status;Analog;Analog;Counter;Counter;Counter;Status;Status;Status;Counter;Status
dd.MM.yyyy HH:mm;h;h;kWh;;;mA;kOhm;h;h;kWh;;;;;;mA;kOhm;h;h;kWh;;;;;;mA;kOhm;h;h;kWh;;;;;;mA;kOhm;h;h;kWh;;;;;;mA;kOhm;h;h;kWh;;;;;;mA;kOhm;h;h;kWh;;;;;
02.08.2015 20:50;;;;;;0,00;3000,00;;;;;;;;;0,00;3000,00;;;;;;;;;0,00;3000,00;;;;;;;;;0,00;3000,00;;;;;;;;;0,00;3000,00;;;;;;;;;0,00;3000,00;;;;;;;;
02.08.2015 21:00;43491,93;45430,52;279400,74;18098,00;Ok;;;8356,26;8734,67;46672,66;None;None;NonePrio;3534,00;Ok;;;8365,02;8740,81;46458,69;None;None;NonePrio;3538,00;Ok;;;8354,73;8732,99;45522,48;None;None;NonePrio;3535,00;Ok;;;8388,69;8752,74;47648,71;None;None;NonePrio;3407,00;Ok;;;8350,59;8731,65;46306,96;None;None;NonePrio;3504,00;Ok;;;1676,63;1737,65;46791,22;None;None;NonePrio;580,00;Ok
02.08.2015 21:05;43491,93;45430,52;279400,74;18098,00;Ok;;;;;;None;None;NonePrio;;Ok;;;;;;None;None;NonePrio;;Ok;;;;;;None;None;NonePrio;;Ok;;;;;;None;None;NonePrio;;Ok;;;;;;None;None;NonePrio;;Ok;;;;;;None;None;NonePrio;;Ok
02.08.2015 21:10;43491,93;45430,52;279400,74;18098,00;Ok;;;;;;None;None;NonePrio;;Ok;;;;;;None;None;NonePrio;;Ok;;;;;;None;None;NonePrio;;Ok;;;;;;None;None;NonePrio;;Ok;;;;;;None;None;NonePrio;;Ok;;;;;;None;None;NonePrio;;Ok
02.08.2015 21:15;43491,93;45430,52;279400,74;18098,00;Ok;;;;;;None;None;NonePrio;;Ok;;;;;;None;None;NonePrio;;Ok;;;;;;None;None;NonePrio;;Ok;;;;;;None;None;NonePrio;;Ok;;;;;;None;None;NonePrio;;Ok;;;;;;None;None;NonePrio;;Ok
02.08.2015 21:20;43491,93;45430,52;279400,74;18098,00;Ok;;;;;;None;None;NonePrio;;Ok;;;;;;None;None;NonePrio;;Ok;;;;;;None;None;NonePrio;;Ok;;;;;;None;None;NonePrio;;Ok;;;;;;None;None;NonePrio;;Ok;;;;;;None;None;NonePrio;;Ok
02.08.2015 21:25;43491,93;45430,52;279400,74;18098,00;Ok;;;;;;None;None;NonePrio;;Ok;;;;;;None;None;NonePrio;;Ok;;;;;;None;None;NonePrio;;Ok;;;;;;None;None;NonePrio;;Ok;;;;;;None;None;NonePrio;;Ok;;;;;;None;None;NonePrio;;Ok
02.08.2015 21:30;43491,93;45430,52;279400,74;18098,00;Ok;;;;;;None;None;NonePrio;;Ok;;;;;;None;None;NonePrio;;Ok;;;;;;None;None;NonePrio;;Ok;;;;;;None;None;NonePrio;;Ok;;;;;;None;None;NonePrio;;Ok;;;;;;None;None;NonePrio;;Ok
02.08.2015 21:35;43491,93;45430,52;279400,74;18098,00;Ok;;;;;;None;None;NonePrio;;Ok;;;;;;None;None;NonePrio;;Ok;;;;;;None;None;NonePrio;;Ok;;;;;;None;None;NonePrio;;Ok;;;;;;None;None;NonePrio;;Ok;;;;;;None;None;NonePrio;;Ok
02.08.2015 21:40;43491,93;45430,52;279400,74;18098,00;Ok;;;;;;None;None;NonePrio;;Ok;;;;;;None;None;NonePrio;;Ok;;;;;;None;None;NonePrio;;Ok;;;;;;None;None;NonePrio;;Ok;;;;;;None;None;NonePrio;;Ok;;;;;;None;None;NonePrio;;Ok
02.08.2015 21:45;43491,93;45430,52;279400,74;18098,00;Ok;;;;;;None;None;NonePrio;;Ok;;;;;;None;None;NonePrio;;Ok;;;;;;None;None;NonePrio;;Ok;;;;;;None;None;NonePrio;;Ok;;;;;;None;None;NonePrio;;Ok;;;;;;None;None;NonePrio;;Ok
02.08.2015 21:50;43491,93;45430,52;279400,74;18098,00;Ok;;;;;;None;None;NonePrio;;Ok;;;;;;None;None;NonePrio;;Ok;;;;;;None;None;NonePrio;;Ok;;;;;;None;None;NonePrio;;Ok;;;;;;None;None;NonePrio;;Ok;;;;;;None;None;NonePrio;;Ok
