sep=;
Version CSV1|Tool WEBBOX|Linebreaks CR/LF|Delimiter semicolon|Decimalpoint comma|Precision 2

;Το Sunny WebBox μου;Το Sunny WebBox μου;Το Sunny WebBox μου;Το Sunny WebBox μου;Το Sunny WebBox μου;SN: 314610381 (SN: 314610381);SN: 314610381 (SN: 314610381);SN: 314610381 (SN: 314610381);SN: 314610381 (SN: 314610381);SN: 314610469 (SN: 314610469);SN: 314610469 (SN: 314610469);SN: 314610469 (SN: 314610469);SN: 314610469 (SN: 314610469);SN: 314610474 (SN: 314610474);SN: 314610474 (SN: 314610474);SN: 314610474 (SN: 314610474);SN: 314610474 (SN: 314610474);SN: 314610477 (SN: 314610477);SN: 314610477 (SN: 314610477);SN: 314610477 (SN: 314610477);SN: 314610477 (SN: 314610477);SN: 314610478 (SN: 314610478);SN: 314610478 (SN: 314610478);SN: 314610478 (SN: 314610478);SN: 314610478 (SN: 314610478);SN: 315019435 (SN: 315019435);SN: 315019435 (SN: 315019435);SN: 315019435 (SN: 315019435);SN: 315019435 (SN: 315019435)
;WebBox-20;WebBox-20;WebBox-20;WebBox-20;WebBox-20;STP 15000TLEE-10;STP 15000TLEE-10;STP 15000TLEE-10;STP 15000TLEE-10;STP 15000TLEE-10;STP 15000TLEE-10;STP 15000TLEE-10;STP 15000TLEE-10;STP 15000TLEE-10;STP 15000TLEE-10;STP 15000TLEE-10;STP 15000TLEE-10;STP 15000TLEE-10;STP 15000TLEE-10;STP 15000TLEE-10;STP 15000TLEE-10;STP 15000TLEE-10;STP 15000TLEE-10;STP 15000TLEE-10;STP 15000TLEE-10;STP 15000TLEE-10;STP 15000TLEE-10;STP 15000TLEE-10;STP 15000TLEE-10
;155031193;155031193;155031193;155031193;155031193;314610381;314610381;314610381;314610381;314610469;314610469;314610469;314610469;314610474;314610474;314610474;314610474;314610477;314610477;314610477;314610477;314610478;314610478;314610478;314610478;315019435;315019435;315019435;315019435
;Metering.TotFeedTms;Metering.TotOpTms;Metering.TotWhOut;Operation.GriSwCnt;Operation.Health;Operation.Evt.Dsc;Operation.Evt.Msg;Operation.Evt.Prio;Operation.Health;Operation.Evt.Dsc;Operation.Evt.Msg;Operation.Evt.Prio;Operation.Health;Operation.Evt.Dsc;Operation.Evt.Msg;Operation.Evt.Prio;Operation.Health;Operation.Evt.Dsc;Operation.Evt.Msg;Operation.Evt.Prio;Operation.Health;Operation.Evt.Dsc;Operation.Evt.Msg;Operation.Evt.Prio;Operation.Health;Operation.Evt.Dsc;Operation.Evt.Msg;Operation.Evt.Prio;Operation.Health
;Counter;Counter;Counter;Counter;Status;Status;Status;Status;Status;Status;Status;Status;Status;Status;Status;Status;Status;Status;Status;Status;Status;Status;Status;Status;Status;Status;Status;Status;Status
dd.MM.yyyy HH:mm;h;h;kWh;;;;;;;;;;;;;;;;;;;;;;;;;;
03.08.2015 22:10;43571,82;45512,35;279913,31;18127,00;Ok;None;None;NonePrio;Ok;None;None;NonePrio;Ok;None;None;NonePrio;Ok;None;None;NonePrio;Ok;None;None;NonePrio;Ok;None;None;NonePrio;Ok
03.08.2015 22:15;43571,82;45512,35;279913,31;18127,00;Ok;None;None;NonePrio;Ok;None;None;NonePrio;Ok;None;None;NonePrio;Ok;None;None;NonePrio;Ok;None;None;NonePrio;Ok;None;None;NonePrio;Ok
03.08.2015 22:20;43571,82;45512,35;279913,31;18127,00;Ok;None;None;NonePrio;Ok;None;None;NonePrio;Ok;None;None;NonePrio;Ok;None;None;NonePrio;Ok;None;None;NonePrio;Ok;None;None;NonePrio;Ok
03.08.2015 22:25;43571,82;45512,35;279913,31;18127,00;Ok;None;None;NonePrio;Ok;None;None;NonePrio;Ok;None;None;NonePrio;Ok;None;None;NonePrio;Ok;None;None;NonePrio;Ok;None;None;NonePrio;Ok
03.08.2015 22:30;43571,82;45512,35;279913,31;18127,00;Ok;None;None;NonePrio;Ok;None;None;NonePrio;Ok;None;None;NonePrio;Ok;None;None;NonePrio;Ok;None;None;NonePrio;Ok;None;None;NonePrio;Ok
03.08.2015 22:35;43571,82;45512,35;279913,31;18127,00;Ok;None;None;NonePrio;Ok;None;None;NonePrio;Ok;None;None;NonePrio;Ok;None;None;NonePrio;Ok;None;None;NonePrio;Ok;None;None;NonePrio;Ok
03.08.2015 22:40;43571,82;45512,35;279913,31;18127,00;Ok;None;None;NonePrio;Ok;None;None;NonePrio;Ok;None;None;NonePrio;Ok;None;None;NonePrio;Ok;None;None;NonePrio;Ok;None;None;NonePrio;Ok
03.08.2015 22:45;43571,82;45512,35;279913,31;18127,00;Ok;None;None;NonePrio;Ok;None;None;NonePrio;Ok;None;None;NonePrio;Ok;None;None;NonePrio;Ok;None;None;NonePrio;Ok;None;None;NonePrio;Ok
03.08.2015 22:50;43571,82;45512,35;279913,31;18127,00;Ok;None;None;NonePrio;Ok;None;None;NonePrio;Ok;None;None;NonePrio;Ok;None;None;NonePrio;Ok;None;None;NonePrio;Ok;None;None;NonePrio;Ok
03.08.2015 22:55;43571,82;45512,35;279913,31;18127,00;Ok;None;None;NonePrio;Ok;None;None;NonePrio;Ok;None;None;NonePrio;Ok;None;None;NonePrio;Ok;None;None;NonePrio;Ok;None;None;NonePrio;Ok
03.08.2015 23:00;43571,82;45512,35;279913,31;18127,00;Ok;None;None;NonePrio;Ok;None;None;NonePrio;Ok;None;None;NonePrio;Ok;None;None;NonePrio;Ok;None;None;NonePrio;Ok;None;None;NonePrio;Ok
03.08.2015 23:05;43571,82;45512,35;279913,31;18127,00;Ok;None;None;NonePrio;Ok;None;None;NonePrio;Ok;None;None;NonePrio;Ok;None;None;NonePrio;Ok;None;None;NonePrio;Ok;None;None;NonePrio;Ok
03.08.2015 23:10;43571,82;45512,35;279913,31;18127,00;Ok;None;None;NonePrio;Ok;None;None;NonePrio;Ok;None;None;NonePrio;Ok;None;None;NonePrio;Ok;None;None;NonePrio;Ok;None;None;NonePrio;Ok
03.08.2015 23:15;43571,82;45512,35;279913,31;18127,00;Ok;None;None;NonePrio;Ok;None;None;NonePrio;Ok;None;None;NonePrio;Ok;None;None;NonePrio;Ok;None;None;NonePrio;Ok;None;None;NonePrio;Ok
03.08.2015 23:20;43571,82;45512,35;279913,31;18127,00;Ok;None;None;NonePrio;Ok;None;None;NonePrio;Ok;None;None;NonePrio;Ok;None;None;NonePrio;Ok;None;None;NonePrio;Ok;None;None;NonePrio;Ok
03.08.2015 23:25;43571,82;45512,35;279913,31;18127,00;Ok;None;None;NonePrio;Ok;None;None;NonePrio;Ok;None;None;NonePrio;Ok;None;None;NonePrio;Ok;None;None;NonePrio;Ok;None;None;NonePrio;Ok
03.08.2015 23:30;43571,82;45512,35;279913,31;18127,00;Ok;None;None;NonePrio;Ok;None;None;NonePrio;Ok;None;None;NonePrio;Ok;None;None;NonePrio;Ok;None;None;NonePrio;Ok;None;None;NonePrio;Ok
03.08.2015 23:35;43571,82;45512,35;279913,31;18127,00;Ok;None;None;NonePrio;Ok;None;None;NonePrio;Ok;None;None;NonePrio;Ok;None;None;NonePrio;Ok;None;None;NonePrio;Ok;None;None;NonePrio;Ok
03.08.2015 23:40;43571,82;45512,35;279913,31;18127,00;Ok;None;None;NonePrio;Ok;None;None;NonePrio;Ok;None;None;NonePrio;Ok;None;None;NonePrio;Ok;None;None;NonePrio;Ok;None;None;NonePrio;Ok
03.08.2015 23:45;43571,82;45512,35;279913,31;18127,00;Ok;None;None;NonePrio;Ok;None;None;NonePrio;Ok;None;None;NonePrio;Ok;None;None;NonePrio;Ok;None;None;NonePrio;Ok;None;None;NonePrio;Ok
03.08.2015 23:50;43571,82;45512,35;279913,31;18127,00;Ok;None;None;NonePrio;Ok;None;None;NonePrio;Ok;None;None;NonePrio;Ok;None;None;NonePrio;Ok;None;None;NonePrio;Ok;None;None;NonePrio;Ok
03.08.2015 23:55;43571,82;45512,35;279913,31;18127,00;Ok;None;None;NonePrio;Ok;None;None;NonePrio;Ok;None;None;NonePrio;Ok;None;None;NonePrio;Ok;None;None;NonePrio;Ok;None;None;NonePrio;Ok
