sep=;
Version CSV1|Tool WEBBOX|Linebreaks CR/LF|Delimiter semicolon|Decimalpoint comma|Precision 2

;Το Sunny WebBox μου;Το Sunny WebBox μου;Το Sunny WebBox μου;Το Sunny WebBox μου;Το Sunny WebBox μου;SN: 314610381 (SN: 314610381);SN: 314610381 (SN: 314610381);SN: 314610381 (SN: 314610381);SN: 314610381 (SN: 314610381);SN: 314610469 (SN: 314610469);SN: 314610469 (SN: 314610469);SN: 314610469 (SN: 314610469);SN: 314610469 (SN: 314610469);SN: 314610474 (SN: 314610474);SN: 314610474 (SN: 314610474);SN: 314610474 (SN: 314610474);SN: 314610474 (SN: 314610474);SN: 314610477 (SN: 314610477);SN: 314610477 (SN: 314610477);SN: 314610477 (SN: 314610477);SN: 314610477 (SN: 314610477);SN: 314610478 (SN: 314610478);SN: 314610478 (SN: 314610478);SN: 314610478 (SN: 314610478);SN: 314610478 (SN: 314610478);SN: 315019435 (SN: 315019435);SN: 315019435 (SN: 315019435);SN: 315019435 (SN: 315019435);SN: 315019435 (SN: 315019435)
;WebBox-20;WebBox-20;WebBox-20;WebBox-20;WebBox-20;STP 15000TLEE-10;STP 15000TLEE-10;STP 15000TLEE-10;STP 15000TLEE-10;STP 15000TLEE-10;STP 15000TLEE-10;STP 15000TLEE-10;STP 15000TLEE-10;STP 15000TLEE-10;STP 15000TLEE-10;STP 15000TLEE-10;STP 15000TLEE-10;STP 15000TLEE-10;STP 15000TLEE-10;STP 15000TLEE-10;STP 15000TLEE-10;STP 15000TLEE-10;STP 15000TLEE-10;STP 15000TLEE-10;STP 15000TLEE-10;STP 15000TLEE-10;STP 15000TLEE-10;STP 15000TLEE-10;STP 15000TLEE-10
;155031193;155031193;155031193;155031193;155031193;314610381;314610381;314610381;314610381;314610469;314610469;314610469;314610469;314610474;314610474;314610474;314610474;314610477;314610477;314610477;314610477;314610478;314610478;314610478;314610478;315019435;315019435;315019435;315019435
;Metering.TotFeedTms;Metering.TotOpTms;Metering.TotWhOut;Operation.GriSwCnt;Operation.Health;Operation.Evt.Dsc;Operation.Evt.Msg;Operation.Evt.Prio;Operation.Health;Operation.Evt.Dsc;Operation.Evt.Msg;Operation.Evt.Prio;Operation.Health;Operation.Evt.Dsc;Operation.Evt.Msg;Operation.Evt.Prio;Operation.Health;Operation.Evt.Dsc;Operation.Evt.Msg;Operation.Evt.Prio;Operation.Health;Operation.Evt.Dsc;Operation.Evt.Msg;Operation.Evt.Prio;Operation.Health;Operation.Evt.Dsc;Operation.Evt.Msg;Operation.Evt.Prio;Operation.Health
;Counter;Counter;Counter;Counter;Status;Status;Status;Status;Status;Status;Status;Status;Status;Status;Status;Status;Status;Status;Status;Status;Status;Status;Status;Status;Status;Status;Status;Status;Status
dd.MM.yyyy HH:mm;h;h;kWh;;;;;;;;;;;;;;;;;;;;;;;;;;
02.08.2015 00:00;43410,64;45345,02;278925,41;18053,00;Ok;None;None;NonePrio;Ok;None;None;NonePrio;Ok;None;None;NonePrio;Ok;None;None;NonePrio;Ok;None;None;NonePrio;Ok;None;None;NonePrio;Ok
02.08.2015 00:05;43410,64;45345,02;278925,41;18053,00;Ok;None;None;NonePrio;Ok;None;None;NonePrio;Ok;None;None;NonePrio;Ok;None;None;NonePrio;Ok;None;None;NonePrio;Ok;None;None;NonePrio;Ok
02.08.2015 00:10;43410,64;45345,02;278925,41;18053,00;Ok;None;None;NonePrio;Ok;None;None;NonePrio;Ok;None;None;NonePrio;Ok;None;None;NonePrio;Ok;None;None;NonePrio;Ok;None;None;NonePrio;Ok
02.08.2015 00:15;43410,64;45345,02;278925,41;18053,00;Ok;None;None;NonePrio;Ok;None;None;NonePrio;Ok;None;None;NonePrio;Ok;None;None;NonePrio;Ok;None;None;NonePrio;Ok;None;None;NonePrio;Ok
02.08.2015 00:20;43410,64;45345,02;278925,41;18053,00;Ok;None;None;NonePrio;Ok;None;None;NonePrio;Ok;None;None;NonePrio;Ok;None;None;NonePrio;Ok;None;None;NonePrio;Ok;None;None;NonePrio;Ok
02.08.2015 00:25;43410,64;45345,02;278925,41;18053,00;Ok;None;None;NonePrio;Ok;None;None;NonePrio;Ok;None;None;NonePrio;Ok;None;None;NonePrio;Ok;None;None;NonePrio;Ok;None;None;NonePrio;Ok
02.08.2015 00:30;43410,64;45345,02;278925,41;18053,00;Ok;None;None;NonePrio;Ok;None;None;NonePrio;Ok;None;None;NonePrio;Ok;None;None;NonePrio;Ok;None;None;NonePrio;Ok;None;None;NonePrio;Ok
02.08.2015 00:35;43410,64;45345,02;278925,41;18053,00;Ok;None;None;NonePrio;Ok;None;None;NonePrio;Ok;None;None;NonePrio;Ok;None;None;NonePrio;Ok;None;None;NonePrio;Ok;None;None;NonePrio;Ok
02.08.2015 00:40;43410,64;45345,02;278925,41;18053,00;Ok;None;None;NonePrio;Ok;None;None;NonePrio;Ok;None;None;NonePrio;Ok;None;None;NonePrio;Ok;None;None;NonePrio;Ok;None;None;NonePrio;Ok
02.08.2015 00:45;43410,64;45345,02;278925,41;18053,00;Ok;None;None;NonePrio;Ok;None;None;NonePrio;Ok;None;None;NonePrio;Ok;None;None;NonePrio;Ok;None;None;NonePrio;Ok;None;None;NonePrio;Ok
02.08.2015 00:50;43410,64;45345,02;278925,41;18053,00;Ok;None;None;NonePrio;Ok;None;None;NonePrio;Ok;None;None;NonePrio;Ok;None;None;NonePrio;Ok;None;None;NonePrio;Ok;None;None;NonePrio;Ok
02.08.2015 00:55;43410,64;45345,02;278925,41;18053,00;Ok;None;None;NonePrio;Ok;None;None;NonePrio;Ok;None;None;NonePrio;Ok;None;None;NonePrio;Ok;None;None;NonePrio;Ok;None;None;NonePrio;Ok
02.08.2015 01:00;43410,64;45345,02;278925,41;18053,00;Ok;None;None;NonePrio;Ok;None;None;NonePrio;Ok;None;None;NonePrio;Ok;None;None;NonePrio;Ok;None;None;NonePrio;Ok;None;None;NonePrio;Ok
02.08.2015 01:05;43410,64;45345,02;278925,41;18053,00;Ok;None;None;NonePrio;Ok;None;None;NonePrio;Ok;None;None;NonePrio;Ok;None;None;NonePrio;Ok;None;None;NonePrio;Ok;None;None;NonePrio;Ok
02.08.2015 01:10;43410,64;45345,02;278925,41;18053,00;Ok;None;None;NonePrio;Ok;None;None;NonePrio;Ok;None;None;NonePrio;Ok;None;None;NonePrio;Ok;None;None;NonePrio;Ok;None;None;NonePrio;Ok
02.08.2015 01:15;43410,64;45345,02;278925,41;18053,00;Ok;None;None;NonePrio;Ok;None;None;NonePrio;Ok;None;None;NonePrio;Ok;None;None;NonePrio;Ok;None;None;NonePrio;Ok;None;None;NonePrio;Ok
02.08.2015 01:20;43410,64;45345,02;278925,41;18053,00;Ok;None;None;NonePrio;Ok;None;None;NonePrio;Ok;None;None;NonePrio;Ok;None;None;NonePrio;Ok;None;None;NonePrio;Ok;None;None;NonePrio;Ok
02.08.2015 01:25;43410,64;45345,02;278925,41;18053,00;Ok;None;None;NonePrio;Ok;None;None;NonePrio;Ok;None;None;NonePrio;Ok;None;None;NonePrio;Ok;None;None;NonePrio;Ok;None;None;NonePrio;Ok
02.08.2015 01:30;43410,64;45345,02;278925,41;18053,00;Ok;None;None;NonePrio;Ok;None;None;NonePrio;Ok;None;None;NonePrio;Ok;None;None;NonePrio;Ok;None;None;NonePrio;Ok;None;None;NonePrio;Ok
02.08.2015 01:35;43410,64;45345,02;278925,41;18053,00;Ok;None;None;NonePrio;Ok;None;None;NonePrio;Ok;None;None;NonePrio;Ok;None;None;NonePrio;Ok;None;None;NonePrio;Ok;None;None;NonePrio;Ok
02.08.2015 01:40;43410,64;45345,02;278925,41;18053,00;Ok;None;None;NonePrio;Ok;None;None;NonePrio;Ok;None;None;NonePrio;Ok;None;None;NonePrio;Ok;None;None;NonePrio;Ok;None;None;NonePrio;Ok
02.08.2015 01:45;43410,64;45345,02;278925,41;18053,00;Ok;None;None;NonePrio;Ok;None;None;NonePrio;Ok;None;None;NonePrio;Ok;None;None;NonePrio;Ok;None;None;NonePrio;Ok;None;None;NonePrio;Ok
02.08.2015 01:50;43410,64;45345,02;278925,41;18053,00;Ok;None;None;NonePrio;Ok;None;None;NonePrio;Ok;None;None;NonePrio;Ok;None;None;NonePrio;Ok;None;None;NonePrio;Ok;None;None;NonePrio;Ok
02.08.2015 01:55;43410,64;45345,02;278925,41;18053,00;Ok;None;None;NonePrio;Ok;None;None;NonePrio;Ok;None;None;NonePrio;Ok;None;None;NonePrio;Ok;None;None;NonePrio;Ok;None;None;NonePrio;Ok
02.08.2015 02:00;43410,64;45345,02;278925,41;18053,00;Ok;None;None;NonePrio;Ok;None;None;NonePrio;Ok;None;None;NonePrio;Ok;None;None;NonePrio;Ok;None;None;NonePrio;Ok;None;None;NonePrio;Ok
02.08.2015 02:05;43410,64;45345,02;278925,41;18053,00;Ok;None;None;NonePrio;Ok;None;None;NonePrio;Ok;None;None;NonePrio;Ok;None;None;NonePrio;Ok;None;None;NonePrio;Ok;None;None;NonePrio;Ok
02.08.2015 02:10;43410,64;45345,02;278925,41;18053,00;Ok;None;None;NonePrio;Ok;None;None;NonePrio;Ok;None;None;NonePrio;Ok;None;None;NonePrio;Ok;None;None;NonePrio;Ok;None;None;NonePrio;Ok
02.08.2015 02:15;43410,64;45345,02;278925,41;18053,00;Ok;None;None;NonePrio;Ok;None;None;NonePrio;Ok;None;None;NonePrio;Ok;None;None;NonePrio;Ok;None;None;NonePrio;Ok;None;None;NonePrio;Ok
02.08.2015 02:20;43410,64;45345,02;278925,41;18053,00;Ok;None;None;NonePrio;Ok;None;None;NonePrio;Ok;None;None;NonePrio;Ok;None;None;NonePrio;Ok;None;None;NonePrio;Ok;None;None;NonePrio;Ok
02.08.2015 02:25;43410,64;45345,02;278925,41;18053,00;Ok;None;None;NonePrio;Ok;None;None;NonePrio;Ok;None;None;NonePrio;Ok;None;None;NonePrio;Ok;None;None;NonePrio;Ok;None;None;NonePrio;Ok
02.08.2015 02:30;43410,64;45345,02;278925,41;18053,00;Ok;None;None;NonePrio;Ok;None;None;NonePrio;Ok;None;None;NonePrio;Ok;None;None;NonePrio;Ok;None;None;NonePrio;Ok;None;None;NonePrio;Ok
02.08.2015 02:35;43410,64;45345,02;278925,41;18053,00;Ok;None;None;NonePrio;Ok;None;None;NonePrio;Ok;None;None;NonePrio;Ok;None;None;NonePrio;Ok;None;None;NonePrio;Ok;None;None;NonePrio;Ok
02.08.2015 02:40;43410,64;45345,02;278925,41;18053,00;Ok;None;None;NonePrio;Ok;None;None;NonePrio;Ok;None;None;NonePrio;Ok;None;None;NonePrio;Ok;None;None;NonePrio;Ok;None;None;NonePrio;Ok
02.08.2015 02:45;43410,64;45345,02;278925,41;18053,00;Ok;None;None;NonePrio;Ok;None;None;NonePrio;Ok;None;None;NonePrio;Ok;None;None;NonePrio;Ok;None;None;NonePrio;Ok;None;None;NonePrio;Ok
02.08.2015 02:50;43410,64;45345,02;278925,41;18053,00;Ok;None;None;NonePrio;Ok;None;None;NonePrio;Ok;None;None;NonePrio;Ok;None;None;NonePrio;Ok;None;None;NonePrio;Ok;None;None;NonePrio;Ok
02.08.2015 02:55;43410,64;45345,02;278925,41;18053,00;Ok;None;None;NonePrio;Ok;None;None;NonePrio;Ok;None;None;NonePrio;Ok;None;None;NonePrio;Ok;None;None;NonePrio;Ok;None;None;NonePrio;Ok
02.08.2015 03:00;43410,64;45345,02;278925,41;18053,00;Ok;None;None;NonePrio;Ok;None;None;NonePrio;Ok;None;None;NonePrio;Ok;None;None;NonePrio;Ok;None;None;NonePrio;Ok;None;None;NonePrio;Ok
02.08.2015 03:05;43410,64;45345,02;278925,41;18053,00;Ok;None;None;NonePrio;Ok;None;None;NonePrio;Ok;None;None;NonePrio;Ok;None;None;NonePrio;Ok;None;None;NonePrio;Ok;None;None;NonePrio;Ok
02.08.2015 03:10;43410,64;45345,02;278925,41;18053,00;Ok;None;None;NonePrio;Ok;None;None;NonePrio;Ok;None;None;NonePrio;Ok;None;None;NonePrio;Ok;None;None;NonePrio;Ok;None;None;NonePrio;Ok
02.08.2015 03:15;43410,64;45345,02;278925,41;18053,00;Ok;None;None;NonePrio;Ok;None;None;NonePrio;Ok;None;None;NonePrio;Ok;None;None;NonePrio;Ok;None;None;NonePrio;Ok;None;None;NonePrio;Ok
02.08.2015 03:20;43410,64;45345,02;278925,41;18053,00;Ok;None;None;NonePrio;Ok;None;None;NonePrio;Ok;None;None;NonePrio;Ok;None;None;NonePrio;Ok;None;None;NonePrio;Ok;None;None;NonePrio;Ok
02.08.2015 03:25;43410,64;45345,02;278925,41;18053,00;Ok;None;None;NonePrio;Ok;None;None;NonePrio;Ok;None;None;NonePrio;Ok;None;None;NonePrio;Ok;None;None;NonePrio;Ok;None;None;NonePrio;Ok
02.08.2015 03:30;43410,64;45345,02;278925,41;18053,00;Ok;None;None;NonePrio;Ok;None;None;NonePrio;Ok;None;None;NonePrio;Ok;None;None;NonePrio;Ok;None;None;NonePrio;Ok;None;None;NonePrio;Ok
02.08.2015 03:35;43410,64;45345,02;278925,41;18053,00;Ok;None;None;NonePrio;Ok;None;None;NonePrio;Ok;None;None;NonePrio;Ok;None;None;NonePrio;Ok;None;None;NonePrio;Ok;None;None;NonePrio;Ok
02.08.2015 03:40;43410,64;45345,02;278925,41;18053,00;Ok;None;None;NonePrio;Ok;None;None;NonePrio;Ok;None;None;NonePrio;Ok;None;None;NonePrio;Ok;None;None;NonePrio;Ok;None;None;NonePrio;Ok
02.08.2015 03:45;43410,64;45345,02;278925,41;18053,00;Ok;None;None;NonePrio;Ok;None;None;NonePrio;Ok;None;None;NonePrio;Ok;None;None;NonePrio;Ok;None;None;NonePrio;Ok;None;None;NonePrio;Ok
02.08.2015 03:50;43410,64;45345,02;278925,41;18053,00;Ok;None;None;NonePrio;Ok;None;None;NonePrio;Ok;None;None;NonePrio;Ok;None;None;NonePrio;Ok;None;None;NonePrio;Ok;None;None;NonePrio;Ok
02.08.2015 03:55;43410,64;45345,02;278925,41;18053,00;Ok;None;None;NonePrio;Ok;None;None;NonePrio;Ok;None;None;NonePrio;Ok;None;None;NonePrio;Ok;None;None;NonePrio;Ok;None;None;NonePrio;Ok
02.08.2015 04:00;43410,64;45345,02;278925,41;18053,00;Ok;None;None;NonePrio;Ok;None;None;NonePrio;Ok;None;None;NonePrio;Ok;None;None;NonePrio;Ok;None;None;NonePrio;Ok;None;None;NonePrio;Ok
02.08.2015 04:05;43410,64;45345,02;278925,41;18053,00;Ok;None;None;NonePrio;Ok;None;None;NonePrio;Ok;None;None;NonePrio;Ok;None;None;NonePrio;Ok;None;None;NonePrio;Ok;None;None;NonePrio;Ok
02.08.2015 04:10;43410,64;45345,02;278925,41;18053,00;Ok;None;None;NonePrio;Ok;None;None;NonePrio;Ok;None;None;NonePrio;Ok;None;None;NonePrio;Ok;None;None;NonePrio;Ok;None;None;NonePrio;Ok
02.08.2015 04:15;43410,64;45345,02;278925,41;18053,00;Ok;None;None;NonePrio;Ok;None;None;NonePrio;Ok;None;None;NonePrio;Ok;None;None;NonePrio;Ok;None;None;NonePrio;Ok;None;None;NonePrio;Ok
02.08.2015 04:20;43410,64;45345,02;278925,41;18053,00;Ok;None;None;NonePrio;Ok;None;None;NonePrio;Ok;None;None;NonePrio;Ok;None;None;NonePrio;Ok;None;None;NonePrio;Ok;None;None;NonePrio;Ok
02.08.2015 04:25;43410,64;45345,02;278925,41;18053,00;Ok;None;None;NonePrio;Ok;None;None;NonePrio;Ok;None;None;NonePrio;Ok;None;None;NonePrio;Ok;None;None;NonePrio;Ok;None;None;NonePrio;Ok
02.08.2015 04:30;43410,64;45345,02;278925,41;18053,00;Ok;None;None;NonePrio;Ok;None;None;NonePrio;Ok;None;None;NonePrio;Ok;None;None;NonePrio;Ok;None;None;NonePrio;Ok;None;None;NonePrio;Ok
02.08.2015 04:35;43410,64;45345,02;278925,41;18053,00;Ok;None;None;NonePrio;Ok;None;None;NonePrio;Ok;None;None;NonePrio;Ok;None;None;NonePrio;Ok;None;None;NonePrio;Ok;None;None;NonePrio;Ok
02.08.2015 04:40;43410,64;45345,02;278925,41;18053,00;Ok;None;None;NonePrio;Ok;None;None;NonePrio;Ok;None;None;NonePrio;Ok;None;None;NonePrio;Ok;None;None;NonePrio;Ok;None;None;NonePrio;Ok
02.08.2015 04:45;43410,64;45345,02;278925,41;18053,00;Ok;None;None;NonePrio;Ok;None;None;NonePrio;Ok;None;None;NonePrio;Ok;None;None;NonePrio;Ok;None;None;NonePrio;Ok;None;None;NonePrio;Ok
02.08.2015 04:50;43410,64;45345,02;278925,41;18053,00;Ok;None;None;NonePrio;Ok;None;None;NonePrio;Ok;None;None;NonePrio;Ok;None;None;NonePrio;Ok;None;None;NonePrio;Ok;None;None;NonePrio;Ok
02.08.2015 04:55;43410,64;45345,02;278925,41;18053,00;Ok;None;None;NonePrio;Ok;None;None;NonePrio;Ok;None;None;NonePrio;Ok;None;None;NonePrio;Ok;None;None;NonePrio;Ok;None;None;NonePrio;Ok
02.08.2015 05:00;43410,64;45345,02;278925,41;18053,00;Ok;None;None;NonePrio;Ok;None;None;NonePrio;Ok;None;None;NonePrio;Ok;None;None;NonePrio;Ok;None;None;NonePrio;Ok;None;None;NonePrio;Ok
02.08.2015 05:05;43410,64;45345,02;278925,41;18053,00;Ok;None;None;NonePrio;Ok;None;None;NonePrio;Ok;None;None;NonePrio;Ok;None;None;NonePrio;Ok;None;None;NonePrio;Ok;None;None;NonePrio;Ok
02.08.2015 05:10;43410,64;45345,02;278925,41;18053,00;Ok;None;None;NonePrio;Ok;None;None;NonePrio;Ok;None;None;NonePrio;Ok;None;None;NonePrio;Ok;None;None;NonePrio;Ok;None;None;NonePrio;Ok
02.08.2015 05:15;43410,64;45345,02;278925,41;18053,00;Ok;None;None;NonePrio;Ok;None;None;NonePrio;Ok;None;None;NonePrio;Ok;None;None;NonePrio;Ok;None;None;NonePrio;Ok;None;None;NonePrio;Ok
02.08.2015 05:20;43410,64;45345,02;278925,41;18053,00;Ok;None;None;NonePrio;Ok;None;None;NonePrio;Ok;None;None;NonePrio;Ok;None;None;NonePrio;Ok;None;None;NonePrio;Ok;None;None;NonePrio;Ok
02.08.2015 05:25;43410,64;45345,02;278925,41;18053,00;Ok;None;None;NonePrio;Ok;None;None;NonePrio;Ok;None;None;NonePrio;Ok;None;None;NonePrio;Ok;None;None;NonePrio;Ok;None;None;NonePrio;Ok
02.08.2015 05:30;43410,64;45345,02;278925,41;18053,00;Ok;None;None;NonePrio;Ok;None;None;NonePrio;Ok;None;None;NonePrio;Ok;None;None;NonePrio;Ok;None;None;NonePrio;Ok;None;None;NonePrio;Ok
