sep=;
Version CSV1|Tool WEBBOX|Linebreaks CR/LF|Delimiter semicolon|Decimalpoint comma|Precision 2

;Το Sunny WebBox μου;Το Sunny WebBox μου;Το Sunny WebBox μου;Το Sunny WebBox μου;Το Sunny WebBox μου;SN: 314610381 (SN: 314610381);SN: 314610381 (SN: 314610381);SN: 314610381 (SN: 314610381);SN: 314610381 (SN: 314610381);SN: 314610469 (SN: 314610469);SN: 314610469 (SN: 314610469);SN: 314610469 (SN: 314610469);SN: 314610469 (SN: 314610469);SN: 314610474 (SN: 314610474);SN: 314610474 (SN: 314610474);SN: 314610474 (SN: 314610474);SN: 314610474 (SN: 314610474);SN: 314610477 (SN: 314610477);SN: 314610477 (SN: 314610477);SN: 314610477 (SN: 314610477);SN: 314610477 (SN: 314610477);SN: 314610478 (SN: 314610478);SN: 314610478 (SN: 314610478);SN: 314610478 (SN: 314610478);SN: 314610478 (SN: 314610478);SN: 315019435 (SN: 315019435);SN: 315019435 (SN: 315019435);SN: 315019435 (SN: 315019435);SN: 315019435 (SN: 315019435)
;WebBox-20;WebBox-20;WebBox-20;WebBox-20;WebBox-20;STP 15000TLEE-10;STP 15000TLEE-10;STP 15000TLEE-10;STP 15000TLEE-10;STP 15000TLEE-10;STP 15000TLEE-10;STP 15000TLEE-10;STP 15000TLEE-10;STP 15000TLEE-10;STP 15000TLEE-10;STP 15000TLEE-10;STP 15000TLEE-10;STP 15000TLEE-10;STP 15000TLEE-10;STP 15000TLEE-10;STP 15000TLEE-10;STP 15000TLEE-10;STP 15000TLEE-10;STP 15000TLEE-10;STP 15000TLEE-10;STP 15000TLEE-10;STP 15000TLEE-10;STP 15000TLEE-10;STP 15000TLEE-10
;155031193;155031193;155031193;155031193;155031193;314610381;314610381;314610381;314610381;314610469;314610469;314610469;314610469;314610474;314610474;314610474;314610474;314610477;314610477;314610477;314610477;314610478;314610478;314610478;314610478;315019435;315019435;315019435;315019435
;Metering.TotFeedTms;Metering.TotOpTms;Metering.TotWhOut;Operation.GriSwCnt;Operation.Health;Operation.Evt.Dsc;Operation.Evt.Msg;Operation.Evt.Prio;Operation.Health;Operation.Evt.Dsc;Operation.Evt.Msg;Operation.Evt.Prio;Operation.Health;Operation.Evt.Dsc;Operation.Evt.Msg;Operation.Evt.Prio;Operation.Health;Operation.Evt.Dsc;Operation.Evt.Msg;Operation.Evt.Prio;Operation.Health;Operation.Evt.Dsc;Operation.Evt.Msg;Operation.Evt.Prio;Operation.Health;Operation.Evt.Dsc;Operation.Evt.Msg;Operation.Evt.Prio;Operation.Health
;Counter;Counter;Counter;Counter;Status;Status;Status;Status;Status;Status;Status;Status;Status;Status;Status;Status;Status;Status;Status;Status;Status;Status;Status;Status;Status;Status;Status;Status;Status
dd.MM.yyyy HH:mm;h;h;kWh;;;;;;;;;;;;;;;;;;;;;;;;;;
05.02.2016 00:00;55103,77;57598,53;341887,71;23474,00;Ok;None;None;NonePrio;Ok;None;None;NonePrio;Ok;None;None;NonePrio;Ok;None;None;NonePrio;Ok;None;None;NonePrio;Ok;None;None;NonePrio;Ok
05.02.2016 00:05;55103,77;57598,53;341887,71;23474,00;Ok;None;None;NonePrio;Ok;None;None;NonePrio;Ok;None;None;NonePrio;Ok;None;None;NonePrio;Ok;None;None;NonePrio;Ok;None;None;NonePrio;Ok
05.02.2016 00:10;55103,77;57598,53;341887,71;23474,00;Ok;None;None;NonePrio;Ok;None;None;NonePrio;Ok;None;None;NonePrio;Ok;None;None;NonePrio;Ok;None;None;NonePrio;Ok;None;None;NonePrio;Ok
05.02.2016 00:15;55103,77;57598,53;341887,71;23474,00;Ok;None;None;NonePrio;Ok;None;None;NonePrio;Ok;None;None;NonePrio;Ok;None;None;NonePrio;Ok;None;None;NonePrio;Ok;None;None;NonePrio;Ok
05.02.2016 00:20;55103,77;57598,53;341887,71;23474,00;Ok;None;None;NonePrio;Ok;None;None;NonePrio;Ok;None;None;NonePrio;Ok;None;None;NonePrio;Ok;None;None;NonePrio;Ok;None;None;NonePrio;Ok
05.02.2016 00:25;55103,77;57598,53;341887,71;23474,00;Ok;None;None;NonePrio;Ok;None;None;NonePrio;Ok;None;None;NonePrio;Ok;None;None;NonePrio;Ok;None;None;NonePrio;Ok;None;None;NonePrio;Ok
05.02.2016 00:30;55103,77;57598,53;341887,71;23474,00;Ok;None;None;NonePrio;Ok;None;None;NonePrio;Ok;None;None;NonePrio;Ok;None;None;NonePrio;Ok;None;None;NonePrio;Ok;None;None;NonePrio;Ok
05.02.2016 00:35;55103,77;57598,53;341887,71;23474,00;Ok;None;None;NonePrio;Ok;None;None;NonePrio;Ok;None;None;NonePrio;Ok;None;None;NonePrio;Ok;None;None;NonePrio;Ok;None;None;NonePrio;Ok
05.02.2016 00:40;55103,77;57598,53;341887,71;23474,00;Ok;None;None;NonePrio;Ok;None;None;NonePrio;Ok;None;None;NonePrio;Ok;None;None;NonePrio;Ok;None;None;NonePrio;Ok;None;None;NonePrio;Ok
05.02.2016 00:45;55103,77;57598,53;341887,71;23474,00;Ok;None;None;NonePrio;Ok;None;None;NonePrio;Ok;None;None;NonePrio;Ok;None;None;NonePrio;Ok;None;None;NonePrio;Ok;None;None;NonePrio;Ok
05.02.2016 00:50;55103,77;57598,53;341887,71;23474,00;Ok;None;None;NonePrio;Ok;None;None;NonePrio;Ok;None;None;NonePrio;Ok;None;None;NonePrio;Ok;None;None;NonePrio;Ok;None;None;NonePrio;Ok
05.02.2016 00:55;55103,77;57598,53;341887,71;23474,00;Ok;None;None;NonePrio;Ok;None;None;NonePrio;Ok;None;None;NonePrio;Ok;None;None;NonePrio;Ok;None;None;NonePrio;Ok;None;None;NonePrio;Ok
05.02.2016 01:00;55103,77;57598,53;341887,71;23474,00;Ok;None;None;NonePrio;Ok;None;None;NonePrio;Ok;None;None;NonePrio;Ok;None;None;NonePrio;Ok;None;None;NonePrio;Ok;None;None;NonePrio;Ok
05.02.2016 01:05;55103,77;57598,53;341887,71;23474,00;Ok;None;None;NonePrio;Ok;None;None;NonePrio;Ok;None;None;NonePrio;Ok;None;None;NonePrio;Ok;None;None;NonePrio;Ok;None;None;NonePrio;Ok
05.02.2016 01:10;55103,77;57598,53;341887,71;23474,00;Ok;None;None;NonePrio;Ok;None;None;NonePrio;Ok;None;None;NonePrio;Ok;None;None;NonePrio;Ok;None;None;NonePrio;Ok;None;None;NonePrio;Ok
05.02.2016 01:15;55103,77;57598,53;341887,71;23474,00;Ok;None;None;NonePrio;Ok;None;None;NonePrio;Ok;None;None;NonePrio;Ok;None;None;NonePrio;Ok;None;None;NonePrio;Ok;None;None;NonePrio;Ok
05.02.2016 01:20;55103,77;57598,53;341887,71;23474,00;Ok;None;None;NonePrio;Ok;None;None;NonePrio;Ok;None;None;NonePrio;Ok;None;None;NonePrio;Ok;None;None;NonePrio;Ok;None;None;NonePrio;Ok
05.02.2016 01:25;55103,77;57598,53;341887,71;23474,00;Ok;None;None;NonePrio;Ok;None;None;NonePrio;Ok;None;None;NonePrio;Ok;None;None;NonePrio;Ok;None;None;NonePrio;Ok;None;None;NonePrio;Ok
05.02.2016 01:30;55103,77;57598,53;341887,71;23474,00;Ok;None;None;NonePrio;Ok;None;None;NonePrio;Ok;None;None;NonePrio;Ok;None;None;NonePrio;Ok;None;None;NonePrio;Ok;None;None;NonePrio;Ok
05.02.2016 01:35;55103,77;57598,53;341887,71;23474,00;Ok;None;None;NonePrio;Ok;None;None;NonePrio;Ok;None;None;NonePrio;Ok;None;None;NonePrio;Ok;None;None;NonePrio;Ok;None;None;NonePrio;Ok
05.02.2016 01:40;55103,77;57598,53;341887,71;23474,00;Ok;None;None;NonePrio;Ok;None;None;NonePrio;Ok;None;None;NonePrio;Ok;None;None;NonePrio;Ok;None;None;NonePrio;Ok;None;None;NonePrio;Ok
05.02.2016 01:45;55103,77;57598,53;341887,71;23474,00;Ok;None;None;NonePrio;Ok;None;None;NonePrio;Ok;None;None;NonePrio;Ok;None;None;NonePrio;Ok;None;None;NonePrio;Ok;None;None;NonePrio;Ok
05.02.2016 01:50;55103,77;57598,53;341887,71;23474,00;Ok;None;None;NonePrio;Ok;None;None;NonePrio;Ok;None;None;NonePrio;Ok;None;None;NonePrio;Ok;None;None;NonePrio;Ok;None;None;NonePrio;Ok
05.02.2016 01:55;55103,77;57598,53;341887,71;23474,00;Ok;None;None;NonePrio;Ok;None;None;NonePrio;Ok;None;None;NonePrio;Ok;None;None;NonePrio;Ok;None;None;NonePrio;Ok;None;None;NonePrio;Ok
05.02.2016 02:00;55103,77;57598,53;341887,71;23474,00;Ok;None;None;NonePrio;Ok;None;None;NonePrio;Ok;None;None;NonePrio;Ok;None;None;NonePrio;Ok;None;None;NonePrio;Ok;None;None;NonePrio;Ok
05.02.2016 02:05;55103,77;57598,53;341887,71;23474,00;Ok;None;None;NonePrio;Ok;None;None;NonePrio;Ok;None;None;NonePrio;Ok;None;None;NonePrio;Ok;None;None;NonePrio;Ok;None;None;NonePrio;Ok
05.02.2016 02:10;55103,77;57598,53;341887,71;23474,00;Ok;None;None;NonePrio;Ok;None;None;NonePrio;Ok;None;None;NonePrio;Ok;None;None;NonePrio;Ok;None;None;NonePrio;Ok;None;None;NonePrio;Ok
05.02.2016 02:15;55103,77;57598,53;341887,71;23474,00;Ok;None;None;NonePrio;Ok;None;None;NonePrio;Ok;None;None;NonePrio;Ok;None;None;NonePrio;Ok;None;None;NonePrio;Ok;None;None;NonePrio;Ok
05.02.2016 02:20;55103,77;57598,53;341887,71;23474,00;Ok;None;None;NonePrio;Ok;None;None;NonePrio;Ok;None;None;NonePrio;Ok;None;None;NonePrio;Ok;None;None;NonePrio;Ok;None;None;NonePrio;Ok
05.02.2016 02:25;55103,77;57598,53;341887,71;23474,00;Ok;None;None;NonePrio;Ok;None;None;NonePrio;Ok;None;None;NonePrio;Ok;None;None;NonePrio;Ok;None;None;NonePrio;Ok;None;None;NonePrio;Ok
05.02.2016 02:30;55103,77;57598,53;341887,71;23474,00;Ok;None;None;NonePrio;Ok;None;None;NonePrio;Ok;None;None;NonePrio;Ok;None;None;NonePrio;Ok;None;None;NonePrio;Ok;None;None;NonePrio;Ok
05.02.2016 02:35;55103,77;57598,53;341887,71;23474,00;Ok;None;None;NonePrio;Ok;None;None;NonePrio;Ok;None;None;NonePrio;Ok;None;None;NonePrio;Ok;None;None;NonePrio;Ok;None;None;NonePrio;Ok
05.02.2016 02:40;55103,77;57598,53;341887,71;23474,00;Ok;None;None;NonePrio;Ok;None;None;NonePrio;Ok;None;None;NonePrio;Ok;None;None;NonePrio;Ok;None;None;NonePrio;Ok;None;None;NonePrio;Ok
05.02.2016 02:45;55103,77;57598,53;341887,71;23474,00;Ok;None;None;NonePrio;Ok;None;None;NonePrio;Ok;None;None;NonePrio;Ok;None;None;NonePrio;Ok;None;None;NonePrio;Ok;None;None;NonePrio;Ok
05.02.2016 02:50;55103,77;57598,53;341887,71;23474,00;Ok;None;None;NonePrio;Ok;None;None;NonePrio;Ok;None;None;NonePrio;Ok;None;None;NonePrio;Ok;None;None;NonePrio;Ok;None;None;NonePrio;Ok
05.02.2016 02:55;55103,77;57598,53;341887,71;23474,00;Ok;None;None;NonePrio;Ok;None;None;NonePrio;Ok;None;None;NonePrio;Ok;None;None;NonePrio;Ok;None;None;NonePrio;Ok;None;None;NonePrio;Ok
05.02.2016 03:00;55103,77;57598,53;341887,71;23474,00;Ok;None;None;NonePrio;Ok;None;None;NonePrio;Ok;None;None;NonePrio;Ok;None;None;NonePrio;Ok;None;None;NonePrio;Ok;None;None;NonePrio;Ok
05.02.2016 03:05;55103,77;57598,53;341887,71;23474,00;Ok;None;None;NonePrio;Ok;None;None;NonePrio;Ok;None;None;NonePrio;Ok;None;None;NonePrio;Ok;None;None;NonePrio;Ok;None;None;NonePrio;Ok
05.02.2016 03:10;55103,77;57598,53;341887,71;23474,00;Ok;None;None;NonePrio;Ok;None;None;NonePrio;Ok;None;None;NonePrio;Ok;None;None;NonePrio;Ok;None;None;NonePrio;Ok;None;None;NonePrio;Ok
05.02.2016 03:15;55103,77;57598,53;341887,71;23474,00;Ok;None;None;NonePrio;Ok;None;None;NonePrio;Ok;None;None;NonePrio;Ok;None;None;NonePrio;Ok;None;None;NonePrio;Ok;None;None;NonePrio;Ok
05.02.2016 03:20;55103,77;57598,53;341887,71;23474,00;Ok;None;None;NonePrio;Ok;None;None;NonePrio;Ok;None;None;NonePrio;Ok;None;None;NonePrio;Ok;None;None;NonePrio;Ok;None;None;NonePrio;Ok
05.02.2016 03:25;55103,77;57598,53;341887,71;23474,00;Ok;None;None;NonePrio;Ok;None;None;NonePrio;Ok;None;None;NonePrio;Ok;None;None;NonePrio;Ok;None;None;NonePrio;Ok;None;None;NonePrio;Ok
