sep=;
Version CSV1|Tool WEBBOX|Linebreaks CR/LF|Delimiter semicolon|Decimalpoint comma|Precision 2

;Το Sunny WebBox μου;Το Sunny WebBox μου;Το Sunny WebBox μου;Το Sunny WebBox μου;Το Sunny WebBox μου;SN: 314610381 (SN: 314610381);SN: 314610381 (SN: 314610381);SN: 314610381 (SN: 314610381);SN: 314610381 (SN: 314610381);SN: 314610381 (SN: 314610381);SN: 314610381 (SN: 314610381);SN: 314610381 (SN: 314610381);SN: 314610381 (SN: 314610381);SN: 314610381 (SN: 314610381);SN: 314610381 (SN: 314610381);SN: 314610469 (SN: 314610469);SN: 314610469 (SN: 314610469);SN: 314610469 (SN: 314610469);SN: 314610469 (SN: 314610469);SN: 314610469 (SN: 314610469);SN: 314610469 (SN: 314610469);SN: 314610469 (SN: 314610469);SN: 314610469 (SN: 314610469);SN: 314610469 (SN: 314610469);SN: 314610469 (SN: 314610469);SN: 314610474 (SN: 314610474);SN: 314610474 (SN: 314610474);SN: 314610474 (SN: 314610474);SN: 314610474 (SN: 314610474);SN: 314610474 (SN: 314610474);SN: 314610474 (SN: 314610474);SN: 314610474 (SN: 314610474);SN: 314610474 (SN: 314610474);SN: 314610474 (SN: 314610474);SN: 314610474 (SN: 314610474);SN: 314610477 (SN: 314610477);SN: 314610477 (SN: 314610477);SN: 314610477 (SN: 314610477);SN: 314610477 (SN: 314610477);SN: 314610477 (SN: 314610477);SN: 314610477 (SN: 314610477);SN: 314610477 (SN: 314610477);SN: 314610477 (SN: 314610477);SN: 314610477 (SN: 314610477);SN: 314610477 (SN: 314610477);SN: 314610478 (SN: 314610478);SN: 314610478 (SN: 314610478);SN: 314610478 (SN: 314610478);SN: 314610478 (SN: 314610478);SN: 314610478 (SN: 314610478);SN: 314610478 (SN: 314610478);SN: 314610478 (SN: 314610478);SN: 314610478 (SN: 314610478);SN: 314610478 (SN: 314610478);SN: 314610478 (SN: 314610478);SN: 315019435 (SN: 315019435);SN: 315019435 (SN: 315019435);SN: 315019435 (SN: 315019435);SN: 315019435 (SN: 315019435);SN: 315019435 (SN: 315019435);SN: 315019435 (SN: 315019435);SN: 315019435 (SN: 315019435);SN: 315019435 (SN: 315019435);SN: 315019435 (SN: 315019435);SN: 315019435 (SN: 315019435)
;WebBox-20;WebBox-20;WebBox-20;WebBox-20;WebBox-20;STP 15000TLEE-10;STP 15000TLEE-10;STP 15000TLEE-10;STP 15000TLEE-10;STP 15000TLEE-10;STP 15000TLEE-10;STP 15000TLEE-10;STP 15000TLEE-10;STP 15000TLEE-10;STP 15000TLEE-10;STP 15000TLEE-10;STP 15000TLEE-10;STP 15000TLEE-10;STP 15000TLEE-10;STP 15000TLEE-10;STP 15000TLEE-10;STP 15000TLEE-10;STP 15000TLEE-10;STP 15000TLEE-10;STP 15000TLEE-10;STP 15000TLEE-10;STP 15000TLEE-10;STP 15000TLEE-10;STP 15000TLEE-10;STP 15000TLEE-10;STP 15000TLEE-10;STP 15000TLEE-10;STP 15000TLEE-10;STP 15000TLEE-10;STP 15000TLEE-10;STP 15000TLEE-10;STP 15000TLEE-10;STP 15000TLEE-10;STP 15000TLEE-10;STP 15000TLEE-10;STP 15000TLEE-10;STP 15000TLEE-10;STP 15000TLEE-10;STP 15000TLEE-10;STP 15000TLEE-10;STP 15000TLEE-10;STP 15000TLEE-10;STP 15000TLEE-10;STP 15000TLEE-10;STP 15000TLEE-10;STP 15000TLEE-10;STP 15000TLEE-10;STP 15000TLEE-10;STP 15000TLEE-10;STP 15000TLEE-10;STP 15000TLEE-10;STP 15000TLEE-10;STP 15000TLEE-10;STP 15000TLEE-10;STP 15000TLEE-10;STP 15000TLEE-10;STP 15000TLEE-10;STP 15000TLEE-10;STP 15000TLEE-10;STP 15000TLEE-10
;155031193;155031193;155031193;155031193;155031193;314610381;314610381;314610381;314610381;314610381;314610381;314610381;314610381;314610381;314610381;314610469;314610469;314610469;314610469;314610469;314610469;314610469;314610469;314610469;314610469;314610474;314610474;314610474;314610474;314610474;314610474;314610474;314610474;314610474;314610474;314610477;314610477;314610477;314610477;314610477;314610477;314610477;314610477;314610477;314610477;314610478;314610478;314610478;314610478;314610478;314610478;314610478;314610478;314610478;314610478;315019435;315019435;315019435;315019435;315019435;315019435;315019435;315019435;315019435;315019435
;Metering.TotFeedTms;Metering.TotOpTms;Metering.TotWhOut;Operation.GriSwCnt;Operation.Health;Isolation.FltA;Isolation.LeakRis;Metering.TotFeedTms;Metering.TotOpTms;Metering.TotWhOut;Operation.Evt.Dsc;Operation.Evt.Msg;Operation.Evt.Prio;Operation.GriSwCnt;Operation.Health;Isolation.FltA;Isolation.LeakRis;Metering.TotFeedTms;Metering.TotOpTms;Metering.TotWhOut;Operation.Evt.Dsc;Operation.Evt.Msg;Operation.Evt.Prio;Operation.GriSwCnt;Operation.Health;Isolation.FltA;Isolation.LeakRis;Metering.TotFeedTms;Metering.TotOpTms;Metering.TotWhOut;Operation.Evt.Dsc;Operation.Evt.Msg;Operation.Evt.Prio;Operation.GriSwCnt;Operation.Health;Isolation.FltA;Isolation.LeakRis;Metering.TotFeedTms;Metering.TotOpTms;Metering.TotWhOut;Operation.Evt.Dsc;Operation.Evt.Msg;Operation.Evt.Prio;Operation.GriSwCnt;Operation.Health;Isolation.FltA;Isolation.LeakRis;Metering.TotFeedTms;Metering.TotOpTms;Metering.TotWhOut;Operation.Evt.Dsc;Operation.Evt.Msg;Operation.Evt.Prio;Operation.GriSwCnt;Operation.Health;Isolation.FltA;Isolation.LeakRis;Metering.TotFeedTms;Metering.TotOpTms;Metering.TotWhOut;Operation.Evt.Dsc;Operation.Evt.Msg;Operation.Evt.Prio;Operation.GriSwCnt;Operation.Health
;Counter;Counter;Counter;Counter;Status;Analog;Analog;Counter;Counter;Counter;Status;Status;Status;Counter;Status;Analog;Analog;Counter;Counter;Counter;Status;Status;Status;Counter;Status;Analog;Analog;Counter;Counter;Counter;Status;Status;Status;Counter;Status;Analog;Analog;Counter;Counter;Counter;Status;Status;Status;Counter;Status;Analog;Analog;Counter;Counter;Counter;Status;Status;Status;Counter;Status;Analog;Analog;Counter;Counter;Counter;Status;Status;Status;Counter;Status
dd.MM.yyyy HH:mm;h;h;kWh;;;mA;kOhm;h;h;kWh;;;;;;mA;kOhm;h;h;kWh;;;;;;mA;kOhm;h;h;kWh;;;;;;mA;kOhm;h;h;kWh;;;;;;mA;kOhm;h;h;kWh;;;;;;mA;kOhm;h;h;kWh;;;;;
20.02.2016 16:55;;;;;;0,00;3000,00;;;;;;;;;0,00;3000,00;;;;;;;;;0,00;3000,00;;;;;;;;;0,00;3000,00;;;;;;;;;0,00;3000,00;;;;;;;;;0,00;3000,00;;;;;;;;
20.02.2016 17:05;56043,22;58590,33;345932,93;24020,00;Ok;;;10446,18;10927,60;57730,68;None;None;NonePrio;4540,00;Ok;;;10456,38;10934,55;57448,34;None;None;NonePrio;4549,00;Ok;;;10441,43;10922,94;56168,97;None;None;NonePrio;4530,00;Ok;;;10486,36;10949,09;59014,58;None;None;NonePrio;4386,00;Ok;;;10438,34;10923,55;57280,97;None;None;NonePrio;4489,00;Ok;;;3774,53;3932,60;58289,39;None;None;NonePrio;1526,00;Ok
20.02.2016 17:10;56043,22;58590,33;345932,93;24020,00;Ok;;;;;;None;None;NonePrio;;Ok;;;;;;None;None;NonePrio;;Ok;;;;;;None;None;NonePrio;;Ok;;;;;;None;None;NonePrio;;Ok;;;;;;None;None;NonePrio;;Ok;;;;;;None;None;NonePrio;;Ok
20.02.2016 17:15;56043,22;58590,33;345932,93;24020,00;Ok;;;;;;None;None;NonePrio;;Ok;;;;;;None;None;NonePrio;;Ok;;;;;;None;None;NonePrio;;Ok;;;;;;None;None;NonePrio;;Ok;;;;;;None;None;NonePrio;;Ok;;;;;;None;None;NonePrio;;Ok
20.02.2016 17:20;56043,22;58590,33;345932,93;24020,00;Ok;;;;;;None;None;NonePrio;;Ok;;;;;;None;None;NonePrio;;Ok;;;;;;None;None;NonePrio;;Ok;;;;;;None;None;NonePrio;;Ok;;;;;;None;None;NonePrio;;Ok;;;;;;None;None;NonePrio;;Ok
