sep=;
Version CSV1|Tool WEBBOX|Linebreaks CR/LF|Delimiter semicolon|Decimalpoint comma|Precision 2

;Το Sunny WebBox μου;Το Sunny WebBox μου;Το Sunny WebBox μου;Το Sunny WebBox μου;Το Sunny WebBox μου;Το Sunny WebBox μου;Το Sunny WebBox μου;Το Sunny WebBox μου;Το Sunny WebBox μου;SN: 314610381 (SN: 314610381);SN: 314610381 (SN: 314610381);SN: 314610381 (SN: 314610381);SN: 314610381 (SN: 314610381);SN: 314610381 (SN: 314610381);SN: 314610381 (SN: 314610381);SN: 314610381 (SN: 314610381);SN: 314610381 (SN: 314610381);SN: 314610381 (SN: 314610381);SN: 314610381 (SN: 314610381);SN: 314610469 (SN: 314610469);SN: 314610469 (SN: 314610469);SN: 314610469 (SN: 314610469);SN: 314610469 (SN: 314610469);SN: 314610469 (SN: 314610469);SN: 314610469 (SN: 314610469);SN: 314610469 (SN: 314610469);SN: 314610469 (SN: 314610469);SN: 314610469 (SN: 314610469);SN: 314610469 (SN: 314610469);SN: 314610474 (SN: 314610474);SN: 314610474 (SN: 314610474);SN: 314610474 (SN: 314610474);SN: 314610474 (SN: 314610474);SN: 314610474 (SN: 314610474);SN: 314610474 (SN: 314610474);SN: 314610474 (SN: 314610474);SN: 314610474 (SN: 314610474);SN: 314610474 (SN: 314610474);SN: 314610474 (SN: 314610474);SN: 314610477 (SN: 314610477);SN: 314610477 (SN: 314610477);SN: 314610477 (SN: 314610477);SN: 314610477 (SN: 314610477);SN: 314610477 (SN: 314610477);SN: 314610477 (SN: 314610477);SN: 314610477 (SN: 314610477);SN: 314610477 (SN: 314610477);SN: 314610477 (SN: 314610477);SN: 314610477 (SN: 314610477);SN: 314610477 (SN: 314610477);SN: 314610477 (SN: 314610477);SN: 314610477 (SN: 314610477);SN: 314610477 (SN: 314610477);SN: 314610477 (SN: 314610477);SN: 314610477 (SN: 314610477);SN: 314610477 (SN: 314610477);SN: 314610477 (SN: 314610477);SN: 314610477 (SN: 314610477);SN: 314610477 (SN: 314610477);SN: 314610477 (SN: 314610477);SN: 314610477 (SN: 314610477);SN: 314610478 (SN: 314610478);SN: 314610478 (SN: 314610478);SN: 314610478 (SN: 314610478);SN: 314610478 (SN: 314610478);SN: 314610478 (SN: 314610478);SN: 314610478 (SN: 314610478);SN: 314610478 (SN: 314610478);SN: 314610478 (SN: 314610478);SN: 314610478 (SN: 314610478);SN: 314610478 (SN: 314610478);SN: 315019435 (SN: 315019435);SN: 315019435 (SN: 315019435);SN: 315019435 (SN: 315019435);SN: 315019435 (SN: 315019435);SN: 315019435 (SN: 315019435);SN: 315019435 (SN: 315019435);SN: 315019435 (SN: 315019435);SN: 315019435 (SN: 315019435);SN: 315019435 (SN: 315019435);SN: 315019435 (SN: 315019435);SN: 315019435 (SN: 315019435);SN: 315019435 (SN: 315019435);SN: 315019435 (SN: 315019435);SN: 315019435 (SN: 315019435);SN: 315019435 (SN: 315019435);SN: 315019435 (SN: 315019435);SN: 315019435 (SN: 315019435);SN: 315019435 (SN: 315019435);SN: 315019435 (SN: 315019435);SN: 315019435 (SN: 315019435);SN: 315019435 (SN: 315019435);SN: 315019435 (SN: 315019435)
;WebBox-20;WebBox-20;WebBox-20;WebBox-20;WebBox-20;WebBox-20;WebBox-20;WebBox-20;WebBox-20;STP 15000TLEE-10;STP 15000TLEE-10;STP 15000TLEE-10;STP 15000TLEE-10;STP 15000TLEE-10;STP 15000TLEE-10;STP 15000TLEE-10;STP 15000TLEE-10;STP 15000TLEE-10;STP 15000TLEE-10;STP 15000TLEE-10;STP 15000TLEE-10;STP 15000TLEE-10;STP 15000TLEE-10;STP 15000TLEE-10;STP 15000TLEE-10;STP 15000TLEE-10;STP 15000TLEE-10;STP 15000TLEE-10;STP 15000TLEE-10;STP 15000TLEE-10;STP 15000TLEE-10;STP 15000TLEE-10;STP 15000TLEE-10;STP 15000TLEE-10;STP 15000TLEE-10;STP 15000TLEE-10;STP 15000TLEE-10;STP 15000TLEE-10;STP 15000TLEE-10;STP 15000TLEE-10;STP 15000TLEE-10;STP 15000TLEE-10;STP 15000TLEE-10;STP 15000TLEE-10;STP 15000TLEE-10;STP 15000TLEE-10;STP 15000TLEE-10;STP 15000TLEE-10;STP 15000TLEE-10;STP 15000TLEE-10;STP 15000TLEE-10;STP 15000TLEE-10;STP 15000TLEE-10;STP 15000TLEE-10;STP 15000TLEE-10;STP 15000TLEE-10;STP 15000TLEE-10;STP 15000TLEE-10;STP 15000TLEE-10;STP 15000TLEE-10;STP 15000TLEE-10;STP 15000TLEE-10;STP 15000TLEE-10;STP 15000TLEE-10;STP 15000TLEE-10;STP 15000TLEE-10;STP 15000TLEE-10;STP 15000TLEE-10;STP 15000TLEE-10;STP 15000TLEE-10;STP 15000TLEE-10;STP 15000TLEE-10;STP 15000TLEE-10;STP 15000TLEE-10;STP 15000TLEE-10;STP 15000TLEE-10;STP 15000TLEE-10;STP 15000TLEE-10;STP 15000TLEE-10;STP 15000TLEE-10;STP 15000TLEE-10;STP 15000TLEE-10;STP 15000TLEE-10;STP 15000TLEE-10;STP 15000TLEE-10;STP 15000TLEE-10;STP 15000TLEE-10;STP 15000TLEE-10;STP 15000TLEE-10;STP 15000TLEE-10;STP 15000TLEE-10;STP 15000TLEE-10;STP 15000TLEE-10
;155031193;155031193;155031193;155031193;155031193;155031193;155031193;155031193;155031193;314610381;314610381;314610381;314610381;314610381;314610381;314610381;314610381;314610381;314610381;314610469;314610469;314610469;314610469;314610469;314610469;314610469;314610469;314610469;314610469;314610474;314610474;314610474;314610474;314610474;314610474;314610474;314610474;314610474;314610474;314610477;314610477;314610477;314610477;314610477;314610477;314610477;314610477;314610477;314610477;314610477;314610477;314610477;314610477;314610477;314610477;314610477;314610477;314610477;314610477;314610477;314610477;314610478;314610478;314610478;314610478;314610478;314610478;314610478;314610478;314610478;314610478;315019435;315019435;315019435;315019435;315019435;315019435;315019435;315019435;315019435;315019435;315019435;315019435;315019435;315019435;315019435;315019435;315019435;315019435;315019435;315019435;315019435;315019435
;GridMs.Hz;GridMs.TotW;Isolation.FltA;Isolation.LeakRis;Metering.TotFeedTms;Metering.TotOpTms;Metering.TotWhOut;Operation.GriSwCnt;Operation.Health;Isolation.FltA;Isolation.LeakRis;Metering.TotFeedTms;Metering.TotOpTms;Metering.TotWhOut;Operation.Evt.Dsc;Operation.Evt.Msg;Operation.Evt.Prio;Operation.GriSwCnt;Operation.Health;Isolation.FltA;Isolation.LeakRis;Metering.TotFeedTms;Metering.TotOpTms;Metering.TotWhOut;Operation.Evt.Dsc;Operation.Evt.Msg;Operation.Evt.Prio;Operation.GriSwCnt;Operation.Health;Isolation.FltA;Isolation.LeakRis;Metering.TotFeedTms;Metering.TotOpTms;Metering.TotWhOut;Operation.Evt.Dsc;Operation.Evt.Msg;Operation.Evt.Prio;Operation.GriSwCnt;Operation.Health;DcMs.Amp[A];DcMs.Amp[A1];DcMs.Vol[A];DcMs.Watt[A];GridMs.A.phsA;GridMs.A.phsB;GridMs.A.phsC;GridMs.Hz;GridMs.PhV.phsA;GridMs.PhV.phsB;GridMs.PhV.phsC;GridMs.TotW;Isolation.FltA;Isolation.LeakRis;Metering.TotFeedTms;Metering.TotOpTms;Metering.TotWhOut;Operation.Evt.Dsc;Operation.Evt.Msg;Operation.Evt.Prio;Operation.GriSwCnt;Operation.Health;Isolation.FltA;Isolation.LeakRis;Metering.TotFeedTms;Metering.TotOpTms;Metering.TotWhOut;Operation.Evt.Dsc;Operation.Evt.Msg;Operation.Evt.Prio;Operation.GriSwCnt;Operation.Health;DcMs.Amp[A];DcMs.Amp[A1];DcMs.Vol[A];DcMs.Watt[A];GridMs.A.phsA;GridMs.A.phsB;GridMs.A.phsC;GridMs.Hz;GridMs.PhV.phsA;GridMs.PhV.phsB;GridMs.PhV.phsC;GridMs.TotW;Isolation.FltA;Isolation.LeakRis;Metering.TotFeedTms;Metering.TotOpTms;Metering.TotWhOut;Operation.Evt.Dsc;Operation.Evt.Msg;Operation.Evt.Prio;Operation.GriSwCnt;Operation.Health
;Analog;Analog;Analog;Analog;Counter;Counter;Counter;Counter;Status;Analog;Analog;Counter;Counter;Counter;Status;Status;Status;Counter;Status;Analog;Analog;Counter;Counter;Counter;Status;Status;Status;Counter;Status;Analog;Analog;Counter;Counter;Counter;Status;Status;Status;Counter;Status;Analog;Analog;Analog;Analog;Analog;Analog;Analog;Analog;Analog;Analog;Analog;Analog;Analog;Analog;Counter;Counter;Counter;Status;Status;Status;Counter;Status;Analog;Analog;Counter;Counter;Counter;Status;Status;Status;Counter;Status;Analog;Analog;Analog;Analog;Analog;Analog;Analog;Analog;Analog;Analog;Analog;Analog;Analog;Analog;Counter;Counter;Counter;Status;Status;Status;Counter;Status
dd.MM.yyyy HH:mm;Hz;W;mA;kOhm;h;h;kWh;;;mA;kOhm;h;h;kWh;;;;;;mA;kOhm;h;h;kWh;;;;;;mA;kOhm;h;h;kWh;;;;;;A;A;V;W;A;A;A;Hz;V;V;V;W;mA;kOhm;h;h;kWh;;;;;;mA;kOhm;h;h;kWh;;;;;;A;A;V;W;A;A;A;Hz;V;V;V;W;mA;kOhm;h;h;kWh;;;;;
26.01.2017 17:30;;;0,00;3000,00;;;;;;0,00;3000,00;;;;;;;;;0,00;3000,00;;;;;;;;;0,00;3000,00;;;;;;;;;;;;;;;;;;;;;0,00;3000,00;;;;;;;;;0,00;3000,00;;;;;;;;;;;;;;;;;;;;;0,00;3000,00;;;;;;;;
26.01.2017 17:35;;;0,00;3000,00;;;;;;0,00;3000,00;;;;;;;;;0,00;3000,00;;;;;;;;;0,00;3000,00;;;;;;;;;;;;;;;;;;;;;0,00;3000,00;;;;;;;;;0,00;3000,00;;;;;;;;;;;;;;;;;;;;;0,00;3000,00;;;;;;;;
26.01.2017 17:40;49,98;0,00;0,00;3000,00;79988,80;83578,47;481662,14;33468,00;Ok;;;14436,92;15092,47;80460,00;None;None;NonePrio;6145,00;Ok;;3000,00;14448,77;15101,30;80013,44;None;None;NonePrio;6140,00;Ok;;3000,00;14422,21;15081,29;77999,96;None;None;NonePrio;6163,00;Ok;0,00;0,00;540,25;0,00;0,00;0,00;0,00;49,98;239,92;240,98;242,51;0,00;0,00;3000,00;14479,26;15113,93;81788,71;None;None;NonePrio;5921,00;Ok;;;14423,54;15086,00;79906,43;None;None;NonePrio;6068,00;Ok;0,00;0,00;449,06;0,00;0,00;0,00;0,00;49,98;239,38;240,66;240,95;0,00;0,00;3000,00;7778,11;8103,48;81493,61;None;None;NonePrio;3031,00;Ok
26.01.2017 17:45;49,98;0,00;;;79988,80;83578,51;481662,14;33468,00;Ok;;;14436,92;15092,47;80460,00;None;None;NonePrio;6145,00;Ok;;;14448,77;15101,30;80013,44;None;None;NonePrio;6140,00;Ok;;;14422,21;15081,29;77999,96;None;None;NonePrio;6163,00;Ok;;;;;;;;;;;;;;;14479,26;15113,95;81788,71;None;None;NonePrio;5921,00;Ok;;;14423,54;15086,00;79906,43;None;None;NonePrio;6068,00;Ok;;;;;;;;;;;;;;;7778,11;8103,49;81493,61;None;None;NonePrio;3031,00;Ok
26.01.2017 17:50;;;;;79988,80;83578,51;481662,14;33468,00;Ok;;;;;;None;None;NonePrio;;Ok;;;14448,77;15101,30;80013,44;None;None;NonePrio;6140,00;Ok;;;14422,21;15081,29;77999,96;None;None;NonePrio;6163,00;Ok;;;;;;;;;;;;;;;14479,26;15113,95;81788,71;None;None;NonePrio;5921,00;Ok;;;;;;None;None;NonePrio;;Ok;;;;;;;;;;;;;;;7778,11;8103,49;81493,61;None;None;NonePrio;3031,00;Ok
26.01.2017 17:55;;;;;79988,80;83578,51;481662,14;33468,00;Ok;;;;;;None;None;NonePrio;;Ok;;;;;;None;None;NonePrio;;Ok;;;;;;None;None;NonePrio;;Ok;;;;;;;;;;;;;;;;;;None;None;NonePrio;;Ok;;;;;;None;None;NonePrio;;Ok;;;;;;;;;;;;;;;;;;None;None;NonePrio;;Ok
26.01.2017 18:00;;;;;79988,80;83578,51;481662,14;33468,00;Ok;;;;;;None;None;NonePrio;;Ok;;;;;;None;None;NonePrio;;Ok;;;;;;None;None;NonePrio;;Ok;;;;;;;;;;;;;;;;;;None;None;NonePrio;;Ok;;;;;;None;None;NonePrio;;Ok;;;;;;;;;;;;;;;;;;None;None;NonePrio;;Ok
26.01.2017 18:05;;;;;79988,80;83578,51;481662,14;33468,00;Ok;;;;;;None;None;NonePrio;;Ok;;;;;;None;None;NonePrio;;Ok;;;;;;None;None;NonePrio;;Ok;;;;;;;;;;;;;;;;;;None;None;NonePrio;;Ok;;;;;;None;None;NonePrio;;Ok;;;;;;;;;;;;;;;;;;None;None;NonePrio;;Ok
26.01.2017 18:10;;;;;79988,80;83578,51;481662,14;33468,00;Ok;;;;;;None;None;NonePrio;;Ok;;;;;;None;None;NonePrio;;Ok;;;;;;None;None;NonePrio;;Ok;;;;;;;;;;;;;;;;;;None;None;NonePrio;;Ok;;;;;;None;None;NonePrio;;Ok;;;;;;;;;;;;;;;;;;None;None;NonePrio;;Ok
26.01.2017 18:15;;;;;79988,80;83578,51;481662,14;33468,00;Ok;;;;;;None;None;NonePrio;;Ok;;;;;;None;None;NonePrio;;Ok;;;;;;None;None;NonePrio;;Ok;;;;;;;;;;;;;;;;;;None;None;NonePrio;;Ok;;;;;;None;None;NonePrio;;Ok;;;;;;;;;;;;;;;;;;None;None;NonePrio;;Ok
26.01.2017 18:20;;;;;79988,80;83578,51;481662,14;33468,00;Ok;;;;;;None;None;NonePrio;;Ok;;;;;;None;None;NonePrio;;Ok;;;;;;None;None;NonePrio;;Ok;;;;;;;;;;;;;;;;;;None;None;NonePrio;;Ok;;;;;;None;None;NonePrio;;Ok;;;;;;;;;;;;;;;;;;None;None;NonePrio;;Ok
26.01.2017 18:25;;;;;79988,80;83578,51;481662,14;33468,00;Ok;;;;;;None;None;NonePrio;;Ok;;;;;;None;None;NonePrio;;Ok;;;;;;None;None;NonePrio;;Ok;;;;;;;;;;;;;;;;;;None;None;NonePrio;;Ok;;;;;;None;None;NonePrio;;Ok;;;;;;;;;;;;;;;;;;None;None;NonePrio;;Ok
26.01.2017 18:30;;;;;79988,80;83578,51;481662,14;33468,00;Ok;;;;;;None;None;NonePrio;;Ok;;;;;;None;None;NonePrio;;Ok;;;;;;None;None;NonePrio;;Ok;;;;;;;;;;;;;;;;;;None;None;NonePrio;;Ok;;;;;;None;None;NonePrio;;Ok;;;;;;;;;;;;;;;;;;None;None;NonePrio;;Ok
26.01.2017 18:35;;;;;79988,80;83578,51;481662,14;33468,00;Ok;;;;;;None;None;NonePrio;;Ok;;;;;;None;None;NonePrio;;Ok;;;;;;None;None;NonePrio;;Ok;;;;;;;;;;;;;;;;;;None;None;NonePrio;;Ok;;;;;;None;None;NonePrio;;Ok;;;;;;;;;;;;;;;;;;None;None;NonePrio;;Ok
26.01.2017 18:40;;;;;79988,80;83578,51;481662,14;33468,00;Ok;;;;;;None;None;NonePrio;;Ok;;;;;;None;None;NonePrio;;Ok;;;;;;None;None;NonePrio;;Ok;;;;;;;;;;;;;;;;;;None;None;NonePrio;;Ok;;;;;;None;None;NonePrio;;Ok;;;;;;;;;;;;;;;;;;None;None;NonePrio;;Ok
26.01.2017 18:45;;;;;79988,80;83578,51;481662,14;33468,00;Ok;;;;;;None;None;NonePrio;;Ok;;;;;;None;None;NonePrio;;Ok;;;;;;None;None;NonePrio;;Ok;;;;;;;;;;;;;;;;;;None;None;NonePrio;;Ok;;;;;;None;None;NonePrio;;Ok;;;;;;;;;;;;;;;;;;None;None;NonePrio;;Ok
26.01.2017 18:50;;;;;79988,80;83578,51;481662,14;33468,00;Ok;;;;;;None;None;NonePrio;;Ok;;;;;;None;None;NonePrio;;Ok;;;;;;None;None;NonePrio;;Ok;;;;;;;;;;;;;;;;;;None;None;NonePrio;;Ok;;;;;;None;None;NonePrio;;Ok;;;;;;;;;;;;;;;;;;None;None;NonePrio;;Ok
26.01.2017 18:55;;;;;79988,80;83578,51;481662,14;33468,00;Ok;;;;;;None;None;NonePrio;;Ok;;;;;;None;None;NonePrio;;Ok;;;;;;None;None;NonePrio;;Ok;;;;;;;;;;;;;;;;;;None;None;NonePrio;;Ok;;;;;;None;None;NonePrio;;Ok;;;;;;;;;;;;;;;;;;None;None;NonePrio;;Ok
26.01.2017 19:00;;;;;79988,80;83578,51;481662,14;33468,00;Ok;;;;;;None;None;NonePrio;;Ok;;;;;;None;None;NonePrio;;Ok;;;;;;None;None;NonePrio;;Ok;;;;;;;;;;;;;;;;;;None;None;NonePrio;;Ok;;;;;;None;None;NonePrio;;Ok;;;;;;;;;;;;;;;;;;None;None;NonePrio;;Ok
26.01.2017 19:05;;;;;79988,80;83578,51;481662,14;33468,00;Ok;;;;;;None;None;NonePrio;;Ok;;;;;;None;None;NonePrio;;Ok;;;;;;None;None;NonePrio;;Ok;;;;;;;;;;;;;;;;;;None;None;NonePrio;;Ok;;;;;;None;None;NonePrio;;Ok;;;;;;;;;;;;;;;;;;None;None;NonePrio;;Ok
26.01.2017 19:10;;;;;79988,80;83578,51;481662,14;33468,00;Ok;;;;;;None;None;NonePrio;;Ok;;;;;;None;None;NonePrio;;Ok;;;;;;None;None;NonePrio;;Ok;;;;;;;;;;;;;;;;;;None;None;NonePrio;;Ok;;;;;;None;None;NonePrio;;Ok;;;;;;;;;;;;;;;;;;None;None;NonePrio;;Ok
26.01.2017 19:15;;;;;79988,80;83578,51;481662,14;33468,00;Ok;;;;;;None;None;NonePrio;;Ok;;;;;;None;None;NonePrio;;Ok;;;;;;None;None;NonePrio;;Ok;;;;;;;;;;;;;;;;;;None;None;NonePrio;;Ok;;;;;;None;None;NonePrio;;Ok;;;;;;;;;;;;;;;;;;None;None;NonePrio;;Ok
26.01.2017 19:20;;;;;79988,80;83578,51;481662,14;33468,00;Ok;;;;;;None;None;NonePrio;;Ok;;;;;;None;None;NonePrio;;Ok;;;;;;None;None;NonePrio;;Ok;;;;;;;;;;;;;;;;;;None;None;NonePrio;;Ok;;;;;;None;None;NonePrio;;Ok;;;;;;;;;;;;;;;;;;None;None;NonePrio;;Ok
26.01.2017 19:25;;;;;79988,80;83578,51;481662,14;33468,00;Ok;;;;;;None;None;NonePrio;;Ok;;;;;;None;None;NonePrio;;Ok;;;;;;None;None;NonePrio;;Ok;;;;;;;;;;;;;;;;;;None;None;NonePrio;;Ok;;;;;;None;None;NonePrio;;Ok;;;;;;;;;;;;;;;;;;None;None;NonePrio;;Ok
26.01.2017 19:30;;;;;79988,80;83578,51;481662,14;33468,00;Ok;;;;;;None;None;NonePrio;;Ok;;;;;;None;None;NonePrio;;Ok;;;;;;None;None;NonePrio;;Ok;;;;;;;;;;;;;;;;;;None;None;NonePrio;;Ok;;;;;;None;None;NonePrio;;Ok;;;;;;;;;;;;;;;;;;None;None;NonePrio;;Ok
26.01.2017 19:35;;;;;79988,80;83578,51;481662,14;33468,00;Ok;;;;;;None;None;NonePrio;;Ok;;;;;;None;None;NonePrio;;Ok;;;;;;None;None;NonePrio;;Ok;;;;;;;;;;;;;;;;;;None;None;NonePrio;;Ok;;;;;;None;None;NonePrio;;Ok;;;;;;;;;;;;;;;;;;None;None;NonePrio;;Ok
26.01.2017 19:40;;;;;79988,80;83578,51;481662,14;33468,00;Ok;;;;;;None;None;NonePrio;;Ok;;;;;;None;None;NonePrio;;Ok;;;;;;None;None;NonePrio;;Ok;;;;;;;;;;;;;;;;;;None;None;NonePrio;;Ok;;;;;;None;None;NonePrio;;Ok;;;;;;;;;;;;;;;;;;None;None;NonePrio;;Ok
26.01.2017 19:45;;;;;79988,80;83578,51;481662,14;33468,00;Ok;;;;;;None;None;NonePrio;;Ok;;;;;;None;None;NonePrio;;Ok;;;;;;None;None;NonePrio;;Ok;;;;;;;;;;;;;;;;;;None;None;NonePrio;;Ok;;;;;;None;None;NonePrio;;Ok;;;;;;;;;;;;;;;;;;None;None;NonePrio;;Ok
26.01.2017 19:50;;;;;79988,80;83578,51;481662,14;33468,00;Ok;;;;;;None;None;NonePrio;;Ok;;;;;;None;None;NonePrio;;Ok;;;;;;None;None;NonePrio;;Ok;;;;;;;;;;;;;;;;;;None;None;NonePrio;;Ok;;;;;;None;None;NonePrio;;Ok;;;;;;;;;;;;;;;;;;None;None;NonePrio;;Ok
26.01.2017 19:55;;;;;79988,80;83578,51;481662,14;33468,00;Ok;;;;;;None;None;NonePrio;;Ok;;;;;;None;None;NonePrio;;Ok;;;;;;None;None;NonePrio;;Ok;;;;;;;;;;;;;;;;;;None;None;NonePrio;;Ok;;;;;;None;None;NonePrio;;Ok;;;;;;;;;;;;;;;;;;None;None;NonePrio;;Ok
26.01.2017 20:00;;;;;79988,80;83578,51;481662,14;33468,00;Ok;;;;;;None;None;NonePrio;;Ok;;;;;;None;None;NonePrio;;Ok;;;;;;None;None;NonePrio;;Ok;;;;;;;;;;;;;;;;;;None;None;NonePrio;;Ok;;;;;;None;None;NonePrio;;Ok;;;;;;;;;;;;;;;;;;None;None;NonePrio;;Ok
